,600094.XSHG,600160.XSHG,600008.XSHG,600903.XSHG,000959.XSHE,600970.XSHG,002302.XSHE,600823.XSHG,002503.XSHE,600664.XSHG
2015-01-05,7.82,4.69,5.11,,4.3,7.96,7.45,4.46,3.44,5.27
2015-01-06,7.74,4.89,5.62,,4.24,7.72,7.3,4.27,3.39,5.27
2015-01-07,8.51,4.92,5.39,,4.26,7.65,7.29,4.28,3.51,5.27
2015-01-08,8.77,4.89,5.34,,4.18,7.34,7.09,4.08,3.86,5.27
2015-01-09,8.7,4.87,5.17,,4.15,7.26,7.01,4.1,3.74,5.27
2015-01-12,8.54,4.84,4.95,,3.91,7.07,6.89,4.06,3.64,5.27
2015-01-13,8.69,5.04,4.92,,3.89,7.07,7.01,4.07,3.82,5.27
2015-01-14,8.73,4.99,4.87,,3.83,7.09,6.83,4.16,3.8,5.27
2015-01-15,9.39,5.03,5.0,,3.95,7.27,6.96,4.3,3.78,5.27
2015-01-16,9.27,5.0,5.24,,3.96,7.28,7.0,4.23,3.84,5.27
2015-01-19,8.76,4.5,4.72,,3.59,6.55,6.58,3.81,3.88,5.27
2015-01-20,9.11,4.65,4.83,,3.71,6.71,6.87,3.91,4.01,5.27
2015-01-21,9.56,4.77,5.0,,3.94,6.98,6.97,4.1,4.18,5.27
2015-01-22,9.57,4.89,5.18,,3.94,6.98,7.02,4.17,4.11,5.27
2015-01-23,9.5,4.87,5.05,,3.93,6.98,6.95,4.23,4.11,5.27
2015-01-26,9.53,5.03,5.15,,4.06,6.98,7.04,4.28,4.07,5.27
2015-01-27,9.4,5.25,5.21,,4.05,6.98,7.1,4.1,4.11,5.27
2015-01-28,9.55,5.13,5.09,,3.96,6.98,7.33,4.08,4.08,5.27
2015-01-29,9.43,5.08,4.88,,3.94,7.13,7.17,3.99,4.08,5.27
2015-01-30,9.16,4.99,4.94,,3.91,6.79,6.9,4.09,4.04,5.27
2015-02-02,8.98,5.12,4.73,,3.8,6.44,6.91,4.13,4.05,5.27
2015-02-03,9.2,5.13,4.77,,3.83,6.55,6.98,4.23,4.18,5.27
2015-02-04,9.04,5.1,4.72,,4.1,6.54,6.84,4.29,4.26,5.27
2015-02-05,9.06,4.94,4.68,,3.89,6.43,6.75,4.18,4.24,5.27
2015-02-06,8.82,4.8,4.58,,3.86,6.24,6.67,4.02,4.05,5.27
2015-02-09,8.91,4.8,4.44,,3.85,6.31,6.73,4.05,3.96,5.27
2015-02-10,8.96,4.83,4.57,,3.87,6.55,6.8,4.05,3.97,5.27
2015-02-11,8.67,4.77,4.56,,3.85,6.51,6.75,4.04,4.0,5.27
2015-02-12,8.93,4.77,4.61,,3.86,6.58,6.85,4.17,3.94,5.27
2015-02-13,9.32,4.88,4.85,,3.95,6.67,6.93,4.19,4.01,5.27
2015-02-16,9.7,4.96,4.95,,3.99,6.76,7.01,4.19,4.04,5.27
2015-02-17,10.28,5.1,4.93,,4.04,6.79,7.0,4.62,4.0,5.54
2015-02-25,11.3,5.22,5.23,,4.05,7.07,7.01,4.74,4.0,5.94
2015-02-26,11.61,5.22,5.28,,4.08,7.64,7.21,4.77,4.05,5.88
2015-02-27,12.26,5.26,5.27,,4.09,7.66,7.27,4.77,4.24,5.92
2015-03-02,12.09,5.37,5.42,,4.17,7.69,7.34,4.78,4.24,6.07
2015-03-03,11.84,5.18,5.59,,4.05,7.41,7.26,4.55,4.24,5.81
2015-03-04,11.9,5.69,5.46,,4.06,7.47,7.49,4.55,4.24,6.03
2015-03-05,12.02,5.6,5.39,,4.02,7.37,7.47,4.64,4.24,6.04
2015-03-06,11.68,5.56,5.13,,4.17,7.37,7.45,4.53,4.24,6.1
2015-03-09,11.7,5.58,5.18,,4.34,7.66,7.65,4.63,4.24,5.99
2015-03-10,11.7,5.6,5.15,,4.26,7.58,7.64,4.55,4.24,5.95
2015-03-11,11.63,5.51,5.16,,4.26,7.41,7.69,4.55,4.66,5.74
2015-03-12,11.7,5.54,5.17,,4.33,7.4,7.62,4.61,4.86,5.71
2015-03-13,11.82,5.53,5.28,,4.33,7.5,7.68,4.64,4.74,5.74
2015-03-16,12.11,5.72,5.38,,4.36,7.7,7.91,4.73,4.78,5.83
2015-03-17,12.08,5.72,5.39,,4.42,8.38,8.08,4.71,4.74,6.0
2015-03-18,12.06,5.8,5.52,,4.7,8.45,8.09,4.8,4.67,6.09
2015-03-19,11.9,5.84,5.47,,4.68,8.88,8.16,4.78,4.65,6.0
2015-03-20,12.13,5.8,5.68,,4.62,8.84,8.11,5.0,4.73,6.08
2015-03-23,12.72,5.99,6.25,,4.89,9.53,8.16,5.14,4.73,6.14
2015-03-24,14.0,5.9,6.36,,5.01,9.34,7.95,5.11,4.58,6.03
2015-03-25,14.35,5.95,6.27,,4.85,8.94,8.08,5.4,4.55,6.13
2015-03-26,13.73,6.03,6.19,,4.83,8.94,7.96,5.32,4.58,6.12
2015-03-27,13.88,5.94,6.49,,4.79,9.34,8.03,5.59,4.64,6.34
2015-03-30,14.14,6.04,6.44,,4.86,9.74,8.84,5.93,4.68,6.32
2015-03-31,13.82,6.19,6.35,,4.97,9.38,9.25,5.76,4.55,6.25
2015-04-01,13.92,6.35,6.63,,4.98,9.44,10.17,5.8,4.61,6.37
2015-04-02,14.06,6.51,6.7,,5.08,9.39,11.19,5.81,4.97,6.32
2015-04-03,15.46,6.5,6.63,,5.59,9.23,11.51,5.72,4.97,6.3
2015-04-07,15.75,6.77,6.65,,5.57,9.6,11.84,5.84,4.98,6.64
2015-04-08,16.39,6.56,6.38,,5.46,9.41,11.31,5.85,5.15,6.58
2015-04-09,16.68,6.41,6.17,,5.48,8.97,11.35,6.1,4.9,6.83
2015-04-10,17.54,6.51,6.29,,5.54,9.09,11.27,6.04,4.97,6.87
2015-04-13,17.33,6.68,6.39,,5.55,9.28,11.43,6.25,5.35,7.16
2015-04-14,17.3,6.55,6.39,,5.65,9.48,12.57,6.05,5.64,7.0
2015-04-15,16.62,6.2,6.51,,5.45,9.83,12.84,5.78,5.22,6.63
2015-04-16,15.92,6.3,7.11,,5.46,9.77,12.33,5.87,5.46,6.75
2015-04-17,16.21,6.32,6.99,,5.55,10.1,12.98,5.96,5.49,6.68
2015-04-20,15.57,6.1,6.56,,5.48,10.44,13.5,5.72,5.18,6.38
2015-04-21,16.03,6.31,6.77,,5.78,10.32,13.5,5.9,5.34,6.59
2015-04-22,17.18,6.5,6.85,,6.14,10.62,13.5,6.04,5.4,6.76
2015-04-23,17.18,7.12,6.74,,6.14,10.5,13.5,5.99,5.29,6.72
2015-04-24,16.65,6.92,6.82,,6.14,10.08,13.5,5.81,5.22,6.66
2015-04-27,16.77,6.9,6.74,,6.14,10.61,13.5,5.87,5.24,6.74
2015-04-28,16.45,6.9,6.87,,6.14,10.14,13.5,6.17,5.09,6.46
2015-04-29,16.52,7.16,6.78,,6.14,10.22,13.5,6.48,5.19,6.63
2015-04-30,16.49,6.93,6.64,,6.14,10.25,13.5,6.44,5.22,6.49
2015-05-04,17.55,6.88,6.68,,6.14,10.25,13.5,6.38,5.25,6.54
2015-05-05,16.39,6.46,6.18,,6.14,10.25,13.5,5.95,5.04,6.26
2015-05-06,16.61,6.29,5.96,,6.14,10.25,13.5,5.74,4.85,6.31
2015-05-07,16.74,6.13,5.64,,6.14,10.25,13.5,5.74,4.86,6.08
2015-05-08,17.53,6.29,5.77,,6.14,10.25,13.5,5.86,5.1,6.24
2015-05-11,18.5,6.63,6.03,,6.14,10.25,13.5,5.98,5.25,6.42
2015-05-12,18.48,6.63,6.11,,6.14,10.25,13.5,5.96,5.16,6.45
2015-05-13,19.85,6.79,6.14,,6.14,10.25,13.5,6.11,5.15,6.67
2015-05-14,19.56,6.85,6.12,,6.14,10.25,13.5,6.07,5.33,6.68
2015-05-15,19.62,6.56,5.85,,6.14,10.25,13.5,5.76,5.19,6.53
2015-05-18,19.73,6.51,6.09,,6.14,10.25,13.5,5.76,4.99,6.93
2015-05-19,20.1,6.74,6.16,,6.14,10.25,13.5,5.99,5.19,7.02
2015-05-20,19.59,6.84,6.23,,6.14,10.25,13.5,6.09,5.7,6.9
2015-05-21,20.17,7.2,6.49,,6.14,10.25,13.5,6.32,6.1,7.04
2015-05-22,22.03,7.57,6.78,,6.14,10.25,13.5,6.47,5.95,7.2
2015-05-25,24.15,7.87,6.84,,6.14,10.25,13.5,6.67,6.05,7.62
2015-05-26,24.3,7.86,7.07,,6.14,10.25,13.5,6.74,6.65,7.66
2015-05-27,23.69,7.89,7.25,,6.14,10.25,13.5,6.56,7.23,7.79
2015-05-28,21.85,7.87,6.52,,6.14,10.25,13.5,5.92,6.58,7.16
2015-05-29,22.33,7.75,6.28,,6.14,10.25,13.5,6.18,6.57,7.42
2015-06-01,22.47,8.41,6.58,,6.14,11.28,13.5,6.8,6.92,7.86
2015-06-02,22.93,8.59,6.83,,6.14,12.41,13.5,7.43,7.61,8.35
2015-06-03,25.22,8.34,7.0,,6.14,12.21,13.5,7.79,7.84,8.15
2015-06-04,24.76,8.09,7.11,,6.14,11.65,13.5,7.48,7.78,8.08
2015-06-05,26.03,8.47,7.42,,6.14,12.36,14.84,7.54,7.95,8.25
2015-06-08,26.46,9.31,8.06,,6.14,11.86,14.51,7.36,7.41,8.24
2015-06-09,26.49,9.22,7.67,,6.14,11.53,13.34,7.42,6.83,8.07
2015-06-10,25.87,9.4,7.67,,6.14,11.69,13.45,7.65,6.98,8.11
2015-06-11,25.57,9.78,8.35,,6.14,12.02,13.47,7.73,6.93,8.93
2015-06-12,26.25,9.77,8.12,,6.14,12.22,13.16,7.77,7.5,9.46
2015-06-15,25.09,9.3,7.76,,6.14,12.64,12.7,7.34,7.66,10.18
2015-06-16,23.37,8.72,7.56,,6.14,11.62,11.94,7.19,7.46,9.98
2015-06-17,23.79,9.47,7.73,,6.14,11.65,12.15,7.27,8.01,10.26
2015-06-18,22.6,9.15,7.88,,6.14,11.43,12.27,7.0,7.77,9.68
2015-06-19,21.53,8.23,7.27,,6.14,10.28,11.21,6.3,7.68,8.72
2015-06-23,20.26,8.34,7.36,,6.14,10.25,11.07,6.24,8.41,8.56
2015-06-24,20.36,9.02,7.68,,6.14,10.64,11.39,6.37,8.76,8.82
2015-06-25,19.78,8.53,7.29,,6.14,9.77,11.45,5.96,8.79,8.33
2015-06-26,19.78,7.68,6.56,,6.14,8.8,10.3,5.55,7.91,7.5
2015-06-29,19.78,7.35,5.9,,6.14,7.92,9.28,5.37,7.12,6.75
2015-06-30,19.78,7.83,6.12,,6.14,8.46,9.85,5.71,6.89,7.32
2015-07-01,19.78,7.42,5.51,,6.14,7.81,8.87,5.34,6.88,6.93
2015-07-02,19.78,6.69,4.96,,6.14,7.03,7.98,4.81,6.88,6.85
2015-07-03,19.78,6.03,4.47,,6.14,6.41,7.86,4.39,6.88,6.74
2015-07-06,19.78,5.62,4.02,,6.14,6.28,8.04,4.82,6.88,6.8
2015-07-07,19.78,5.06,3.63,,6.14,5.65,7.23,4.83,6.88,6.12
2015-07-08,19.78,5.06,3.32,,6.14,5.08,7.13,4.91,6.88,5.61
2015-07-09,19.78,5.06,3.66,,6.14,5.59,7.84,5.4,6.88,6.17
2015-07-10,19.78,5.06,4.02,,6.14,6.15,8.63,5.94,6.88,6.79
2015-07-13,19.78,5.56,4.43,,6.14,6.77,9.49,6.29,6.88,6.79
2015-07-14,19.78,6.12,4.87,,6.14,7.32,8.97,5.74,6.88,6.79
2015-07-15,19.78,5.51,4.38,,6.14,6.59,8.08,5.16,6.88,6.79
2015-07-16,19.78,5.68,4.51,,6.14,6.93,8.41,5.43,6.88,6.79
2015-07-17,19.78,6.13,4.88,,6.14,7.41,8.92,5.67,6.88,6.79
2015-07-20,19.78,6.29,4.88,,6.14,7.47,8.97,5.61,6.88,6.79
2015-07-21,19.78,6.55,4.91,,6.14,7.68,9.25,5.57,6.88,7.47
2015-07-22,19.78,6.76,4.99,,6.14,7.91,9.69,5.62,6.88,7.92
2015-07-23,19.78,7.17,5.19,,6.14,7.98,9.76,5.77,6.88,8.05
2015-07-24,19.78,7.08,5.28,,6.14,7.74,9.15,5.54,6.88,7.89
2015-07-27,19.78,7.14,4.75,,6.14,6.96,8.24,4.99,6.88,7.1
2015-07-28,19.78,7.47,4.38,,6.14,6.49,7.95,4.98,6.88,7.22
2015-07-29,19.78,8.2,4.81,,6.14,7.01,8.65,5.17,6.88,7.49
2015-07-30,19.78,8.55,4.62,,6.14,6.93,8.26,4.95,6.88,7.02
2015-07-31,19.78,8.39,4.68,,6.14,6.97,8.18,4.91,6.88,7.18
2015-08-03,19.78,8.41,4.81,,6.14,6.79,8.3,5.1,6.88,7.38
2015-08-04,19.78,8.62,5.12,,6.14,7.36,9.13,5.29,6.88,7.61
2015-08-05,17.8,9.25,4.95,,6.14,7.46,9.22,5.12,6.88,7.36
2015-08-06,16.03,9.17,4.81,,6.14,7.22,9.12,4.99,6.88,7.22
2015-08-07,15.58,9.35,4.97,,6.14,7.44,9.36,5.12,6.88,7.44
2015-08-10,16.19,10.13,5.27,,6.14,8.18,9.79,5.38,6.88,8.19
2015-08-11,15.55,11.14,5.28,,6.14,8.45,9.59,5.47,6.88,8.74
2015-08-12,15.64,11.09,5.24,,6.14,9.29,9.3,5.39,6.88,8.21
2015-08-13,15.77,12.2,5.33,,6.14,9.74,9.86,5.6,6.88,8.25
2015-08-14,16.04,12.2,5.35,,6.14,10.39,10.08,5.6,6.88,8.23
2015-08-17,17.2,12.2,5.48,,6.14,10.73,11.09,5.71,7.45,8.24
2015-08-18,15.48,12.2,4.93,,6.14,9.66,10.68,5.14,6.7,7.69
2015-08-19,15.21,12.2,5.0,,6.14,9.51,11.75,5.25,7.04,8.15
2015-08-20,14.36,12.2,4.64,,6.14,9.51,11.39,5.05,6.79,7.75
2015-08-21,12.92,12.2,4.3,,6.14,9.51,10.43,5.19,6.11,7.62
2015-08-24,11.63,12.2,3.87,,6.14,9.51,9.39,4.67,5.5,6.86
2015-08-25,10.47,10.98,3.48,,6.14,9.51,8.45,4.2,4.95,6.17
2015-08-26,9.42,9.88,3.5,,6.14,9.51,7.61,4.09,4.46,5.8
2015-08-27,9.43,8.9,3.73,,6.14,9.51,7.41,4.27,4.38,6.05
2015-08-28,10.29,9.71,4.05,,6.14,9.26,8.16,4.55,4.64,6.48
2015-08-31,9.27,8.74,4.08,,6.14,8.33,8.3,4.36,4.17,6.59
2015-09-01,8.34,7.87,4.02,,6.14,7.5,7.47,4.26,3.76,6.01
2015-09-02,7.78,7.09,4.06,,6.14,6.75,6.73,4.52,3.68,6.61
2015-09-07,7.99,7.37,3.93,,6.14,6.27,6.89,4.45,3.72,6.48
2015-09-08,8.79,7.52,4.12,,5.53,6.4,7.58,4.6,3.86,6.62
2015-09-09,9.35,8.21,4.24,,4.98,6.65,8.0,4.7,3.99,6.54
2015-09-10,8.81,9.02,4.04,,4.48,6.53,7.99,4.53,3.76,6.41
2015-09-11,9.14,9.87,4.09,,4.27,6.6,8.64,4.75,4.14,6.49
2015-09-14,8.22,9.08,3.7,,3.95,5.95,7.77,4.5,4.12,6.09
2015-09-15,7.6,8.17,3.53,,3.86,5.36,7.47,4.15,3.71,5.99
2015-09-16,8.36,8.99,3.86,,4.12,5.82,8.22,4.48,4.0,6.49
2015-09-17,8.0,9.31,3.71,,3.85,5.55,7.98,4.32,3.81,6.14
2015-09-18,8.04,9.95,3.8,,3.9,5.65,7.97,4.36,3.81,6.16
2015-09-21,8.38,9.76,3.88,,3.94,5.91,8.26,4.47,3.91,6.28
2015-09-22,8.55,10.4,3.91,,3.99,6.5,8.35,4.5,4.3,6.42
2015-09-23,8.13,9.74,3.82,,3.83,6.28,8.25,4.35,4.09,6.23
2015-09-24,8.64,9.88,3.88,,3.89,6.38,8.32,4.41,4.23,6.32
2015-09-25,8.13,9.13,3.93,,3.87,5.88,8.03,4.3,3.86,6.25
2015-09-28,8.31,9.1,3.89,,3.94,6.01,7.84,4.45,3.92,6.32
2015-09-29,7.86,8.47,3.76,,3.82,5.78,7.45,4.32,3.85,6.26
2015-09-30,7.75,8.73,3.76,,3.85,5.82,7.32,4.37,3.84,6.25
2015-10-08,8.08,8.9,3.91,,3.95,6.18,7.57,4.54,4.01,6.48
2015-10-09,8.38,8.66,3.98,,3.94,6.33,7.83,4.56,4.09,6.53
2015-10-12,8.93,8.91,4.18,,4.06,6.66,8.26,4.74,4.35,6.82
2015-10-13,9.25,9.8,4.21,,3.97,6.67,8.33,4.82,4.42,6.73
2015-10-14,9.07,9.69,4.09,,3.93,6.48,8.21,4.68,4.31,6.68
2015-10-15,9.54,10.02,4.26,,3.96,6.79,8.48,4.8,4.74,6.79
2015-10-16,9.73,9.95,4.68,,4.0,6.89,8.8,5.0,4.85,6.87
2015-10-19,9.58,9.81,4.89,,3.95,7.0,8.4,4.92,4.89,6.73
2015-10-20,9.88,10.31,4.84,,3.97,7.28,8.64,4.97,5.14,6.79
2015-10-21,8.9,9.28,4.37,,3.75,6.67,7.78,4.62,4.62,6.66
2015-10-22,9.37,9.45,4.6,,3.79,7.08,7.97,4.76,4.76,7.08
2015-10-23,10.31,9.47,4.82,,3.8,7.23,8.13,4.91,4.77,7.13
2015-10-26,10.5,9.81,4.76,,3.78,7.26,8.35,4.94,4.81,7.28
2015-10-27,10.3,10.35,4.69,,3.71,7.16,8.26,4.92,4.72,7.19
2015-10-28,10.04,9.66,4.68,,3.71,6.88,9.08,4.84,4.54,6.96
2015-10-29,10.03,9.58,4.69,,3.7,6.91,9.06,4.93,4.62,7.02
2015-10-30,10.03,9.53,4.64,,3.64,6.84,8.81,4.97,4.69,7.13
2015-11-02,9.5,9.26,4.48,,3.55,6.72,9.17,4.79,4.72,7.05
2015-11-03,9.51,8.97,4.52,,3.54,6.76,8.92,4.75,4.79,7.01
2015-11-04,10.18,9.46,4.76,,3.66,7.16,9.25,4.95,5.0,7.28
2015-11-05,10.26,9.36,4.78,,3.77,7.46,9.53,5.05,4.89,7.35
2015-11-06,10.7,9.67,4.86,,3.77,7.65,9.58,5.16,5.01,7.5
2015-11-09,11.45,9.93,4.83,,3.82,7.62,9.46,5.23,5.01,7.61
2015-11-10,11.4,10.01,4.72,,3.81,7.46,9.63,5.2,5.05,7.89
2015-11-11,11.72,10.26,4.8,,3.94,7.54,9.81,5.25,5.07,8.0
2015-11-12,11.34,11.28,4.73,,3.85,7.75,9.95,5.14,4.98,8.34
2015-11-13,10.9,12.41,4.62,,3.75,7.41,9.36,5.12,5.47,7.87
2015-11-16,11.4,12.42,4.77,,3.77,7.51,9.3,5.14,5.81,7.92
2015-11-17,11.11,12.3,4.84,,3.78,7.77,9.16,5.2,5.86,7.86
2015-11-18,11.15,12.09,4.64,,3.72,7.47,9.0,5.39,5.51,7.87
2015-11-19,11.41,12.42,4.77,,3.78,7.57,9.25,5.38,5.96,7.88
2015-11-20,11.5,12.52,4.78,,3.76,7.6,9.34,5.35,6.33,8.01
2015-11-23,11.14,13.77,4.68,,3.74,7.62,9.33,5.46,5.99,7.78
2015-11-24,11.11,13.99,4.69,,3.72,7.71,9.31,5.39,5.97,7.85
2015-11-25,11.28,14.05,4.72,,3.75,7.89,9.52,5.36,6.1,7.91
2015-11-26,12.41,13.14,4.75,,3.74,7.65,9.45,5.34,5.83,7.86
2015-11-27,11.35,12.04,4.43,,3.51,7.06,8.5,5.05,5.32,7.41
2015-11-30,11.17,12.83,4.5,,3.56,6.97,8.33,5.12,5.22,7.41
2015-12-01,11.17,12.79,4.6,,3.53,7.02,8.37,5.44,5.36,7.51
2015-12-02,11.17,14.07,4.57,,3.7,7.19,8.59,5.63,5.28,7.71
2015-12-03,11.83,14.57,4.6,,3.71,7.21,8.71,5.67,5.39,7.84
2015-12-04,12.08,14.5,4.49,,3.66,7.02,8.53,5.51,5.39,7.89
2015-12-07,11.78,14.76,4.52,,3.67,7.03,8.76,5.5,5.4,7.86
2015-12-08,11.35,14.3,4.44,,3.56,6.69,8.36,5.27,5.12,7.74
2015-12-09,11.43,14.15,4.34,,3.64,6.64,8.27,5.34,5.05,7.68
2015-12-10,11.4,14.44,4.32,,3.66,6.58,8.18,5.22,5.06,7.69
2015-12-11,10.67,13.75,4.31,,3.58,6.51,8.09,5.18,5.11,7.6
2015-12-14,10.75,14.55,4.41,,3.66,6.77,8.39,5.32,5.2,7.71
2015-12-15,10.77,15.01,4.43,,3.67,6.69,8.54,5.42,5.72,7.79
2015-12-16,10.64,15.47,4.43,,3.65,6.7,8.46,5.36,5.73,7.75
2015-12-17,11.21,15.6,4.49,,3.76,6.86,8.66,5.64,5.92,8.07
2015-12-18,11.05,15.69,4.49,,3.75,6.89,8.68,5.57,5.92,8.1
2015-12-21,11.14,15.53,4.54,,3.82,7.18,8.73,5.71,5.95,8.29
2015-12-22,11.25,16.46,4.53,,3.85,7.26,8.84,5.69,5.99,8.15
2015-12-23,10.97,16.28,4.56,,3.78,7.26,8.81,5.74,6.12,7.96
2015-12-24,10.75,16.38,4.56,,3.86,7.34,8.64,5.56,5.92,8.01
2015-12-25,10.88,16.3,4.59,,3.85,7.45,8.69,5.55,5.91,8.0
2015-12-28,10.44,16.3,4.41,,3.73,7.03,8.49,5.39,5.72,7.85
2015-12-29,10.56,15.77,4.43,,3.72,7.14,8.65,5.44,5.81,8.05
2015-12-30,10.49,16.61,4.4,,3.71,7.12,8.83,5.44,5.84,8.12
2015-12-31,10.37,16.68,4.35,,4.08,6.91,8.65,5.36,5.78,7.82
2016-01-04,9.42,15.15,3.93,,3.68,6.23,7.87,4.87,5.2,7.07
2016-01-05,9.79,15.5,3.95,,4.01,6.19,7.69,4.78,5.32,7.13
2016-01-06,9.95,16.18,4.01,,4.41,6.42,7.88,4.87,5.5,7.17
2016-01-07,8.96,14.87,3.62,,4.08,5.84,7.1,4.43,4.97,6.58
2016-01-08,9.16,15.11,3.79,,4.49,6.24,7.27,4.51,5.08,6.53
2016-01-11,8.24,13.59,3.5,,4.45,6.13,6.96,4.32,4.7,5.88
2016-01-12,8.09,12.23,3.54,,4.11,6.21,7.2,4.43,4.95,5.96
2016-01-13,7.55,11.33,3.4,,4.4,5.92,7.01,4.29,4.93,5.67
2016-01-14,7.7,11.82,3.47,,4.77,6.03,7.19,4.36,5.41,6.24
2016-01-15,7.26,11.09,3.28,,4.51,5.47,6.77,4.22,5.17,6.05
2016-01-18,7.36,10.87,3.3,,4.34,5.31,6.88,4.29,5.21,6.2
2016-01-19,7.82,10.87,3.4,,4.44,5.85,7.17,4.46,5.4,6.32
2016-01-20,7.56,11.82,3.36,,4.12,5.97,7.22,4.36,5.36,6.32
2016-01-21,7.26,10.83,3.25,,3.83,5.64,7.08,4.25,5.07,6.27
2016-01-22,7.28,10.8,3.29,,3.99,5.85,7.19,4.34,5.4,6.35
2016-01-25,7.29,11.08,3.34,,4.16,6.15,7.38,4.35,5.5,6.41
2016-01-26,6.61,9.97,3.0,,4.33,6.13,6.65,4.01,5.15,6.04
2016-01-27,6.34,8.97,2.95,,4.46,5.89,6.47,3.97,5.36,6.13
2016-01-28,6.13,8.09,2.82,,4.21,5.34,6.02,3.85,5.15,6.05
2016-01-29,6.44,8.85,2.93,,4.31,5.52,6.21,3.99,5.5,6.26
2016-02-01,6.47,7.96,2.89,,4.07,5.31,6.02,3.9,5.33,6.55
2016-02-02,6.84,8.24,2.97,,4.12,5.48,6.27,4.04,5.58,6.74
2016-02-03,6.86,8.37,2.97,,3.92,5.64,6.35,4.05,5.5,6.67
2016-02-04,6.85,8.79,3.03,,3.95,5.7,6.43,4.09,5.5,6.66
2016-02-05,6.71,8.44,3.01,,4.13,5.6,6.33,4.0,5.3,6.49
2016-02-15,6.56,8.32,2.97,,3.98,5.52,6.24,3.96,5.35,6.88
2016-02-16,6.88,8.95,3.09,,4.11,5.76,6.49,4.1,5.56,6.99
2016-02-17,7.18,9.21,3.16,,4.17,5.86,6.85,4.17,5.58,6.89
2016-02-18,7.27,9.09,3.15,,4.41,5.86,6.69,4.13,5.53,6.82
2016-02-19,7.28,9.03,3.15,,4.38,6.05,6.74,4.11,5.69,6.82
2016-02-22,7.53,9.32,3.23,,4.82,6.1,6.92,4.22,5.89,6.85
2016-02-23,7.33,9.17,3.19,,5.07,6.05,6.79,4.19,6.05,6.87
2016-02-24,7.44,9.65,3.25,,5.05,6.18,6.86,4.3,5.95,6.82
2016-02-25,6.7,8.68,3.31,,4.66,5.56,6.18,3.97,5.35,6.19
2016-02-26,6.67,8.21,3.43,,4.98,5.52,6.19,4.01,5.43,6.31
2016-02-29,6.37,7.39,3.09,,4.9,5.08,5.72,3.97,4.89,5.97
2016-03-01,6.52,7.31,3.4,,4.88,5.22,5.9,4.2,4.98,6.14
2016-03-02,7.18,7.75,3.55,,5.27,5.62,6.49,4.6,5.21,6.43
2016-03-03,7.31,7.88,3.53,,5.17,5.55,6.59,4.52,5.42,6.34
2016-03-04,7.12,7.52,3.36,,5.05,5.35,6.28,4.44,5.15,6.19
2016-03-07,7.22,7.69,3.44,,5.09,5.47,6.41,4.49,5.24,6.3
2016-03-08,7.06,7.59,3.39,,5.08,5.51,6.76,4.42,5.22,6.42
2016-03-09,6.7,7.24,3.25,,4.64,5.34,6.47,4.32,5.06,6.45
2016-03-10,6.57,7.02,3.21,,4.58,5.23,6.23,4.23,5.01,6.4
2016-03-11,6.71,6.88,3.18,,4.58,5.25,6.39,4.18,5.05,6.32
2016-03-14,6.92,7.42,3.28,,4.67,5.43,6.71,4.26,5.22,6.47
2016-03-15,6.83,7.25,3.37,,4.58,5.37,6.56,4.27,5.15,6.42
2016-03-16,6.65,7.23,3.28,,4.49,5.27,6.43,4.26,5.05,6.32
2016-03-17,6.94,7.5,3.37,,4.57,5.42,6.63,4.35,5.18,6.46
2016-03-18,7.16,8.02,3.44,,4.75,5.6,6.86,4.41,5.42,6.59
2016-03-21,7.36,8.7,3.53,,4.89,5.78,7.55,4.45,5.45,6.7
2016-03-22,7.28,8.45,3.47,,4.77,5.75,7.67,4.43,5.5,6.61
2016-03-23,7.35,8.58,3.51,,4.77,5.84,7.66,4.74,5.52,6.63
2016-03-24,7.19,8.21,3.44,,4.58,5.81,7.74,4.59,5.36,6.57
2016-03-25,7.25,8.28,3.42,,4.59,6.0,7.58,4.57,5.44,6.59
2016-03-28,7.09,7.96,3.42,,4.56,5.9,7.46,4.5,5.38,6.59
2016-03-29,6.94,7.62,3.56,,4.54,5.93,7.51,4.45,5.3,6.45
2016-03-30,7.19,8.38,3.64,,4.63,6.06,7.9,4.57,5.57,6.78
2016-03-31,7.35,8.55,3.61,,4.7,6.04,7.76,4.57,5.53,6.73
2016-04-01,7.43,8.31,3.67,,4.82,6.1,7.73,4.56,5.49,6.71
2016-04-05,7.86,8.66,3.73,,4.95,6.21,7.81,4.63,5.62,6.81
2016-04-06,8.3,8.65,3.71,,4.93,6.22,7.77,4.63,5.8,7.23
2016-04-07,7.97,8.37,3.63,,4.81,6.1,7.58,4.56,5.7,7.16
2016-04-08,8.0,8.19,3.63,,4.71,6.06,7.6,4.51,5.79,7.19
2016-04-11,8.49,8.41,3.72,,4.98,6.15,7.71,4.6,6.03,7.18
2016-04-12,8.51,8.28,3.66,,5.01,6.1,7.74,4.55,6.11,7.19
2016-04-13,8.59,8.67,3.69,,5.03,6.16,7.74,4.61,6.07,7.23
2016-04-14,8.75,8.83,3.71,,4.97,6.25,7.84,4.62,6.06,7.23
2016-04-15,8.72,8.77,3.73,,4.86,6.23,7.83,4.64,6.06,7.18
2016-04-18,8.48,9.02,3.67,,4.81,6.08,7.87,4.58,6.07,7.19
2016-04-19,8.55,8.92,3.69,,4.75,6.08,7.85,4.6,6.07,7.23
2016-04-20,8.21,8.29,3.48,,4.53,5.8,7.29,4.42,5.8,7.16
2016-04-21,7.99,8.42,3.43,,4.54,5.75,7.23,4.35,5.62,7.14
2016-04-22,7.99,8.48,3.46,,4.48,5.78,7.27,4.41,5.72,7.21
2016-04-25,7.99,8.05,3.47,,4.46,5.77,7.26,4.37,5.84,7.11
2016-04-26,8.79,8.06,3.49,,4.4,5.77,7.33,4.44,6.1,7.31
2016-04-27,9.41,7.91,3.45,,4.34,5.73,7.34,4.43,6.07,7.12
2016-04-28,9.08,7.86,3.48,,4.32,5.63,7.37,4.46,6.16,7.18
2016-04-29,9.04,7.75,3.47,,4.33,5.63,7.56,4.42,6.1,7.19
2016-05-03,9.16,8.04,3.55,,4.4,5.79,7.7,4.49,6.25,7.2
2016-05-04,9.69,7.94,3.54,,4.35,5.76,7.53,4.46,6.07,7.08
2016-05-05,10.28,7.96,3.59,,4.37,5.88,7.78,4.47,6.08,7.13
2016-05-06,10.34,7.37,3.51,,4.16,5.66,7.48,4.35,5.8,7.24
2016-05-09,10.16,7.05,3.38,,3.89,5.36,7.22,4.22,5.67,7.15
2016-05-10,10.04,7.08,3.39,,3.86,5.39,7.11,4.21,5.72,7.3
2016-05-11,9.79,6.97,3.4,,3.83,5.41,7.02,4.2,5.79,7.29
2016-05-12,9.88,6.89,3.36,,3.99,5.47,6.95,4.17,5.77,6.96
2016-05-13,9.72,7.17,3.36,,3.95,5.39,6.82,4.15,5.7,6.95
2016-05-16,9.79,7.25,3.41,,3.94,5.49,6.89,4.25,5.82,6.93
2016-05-17,10.17,7.1,3.56,,3.98,5.45,6.82,4.32,5.71,6.89
2016-05-18,9.82,6.79,3.49,,3.88,5.33,6.48,4.2,5.63,6.85
2016-05-19,9.82,6.82,3.48,,3.91,5.34,6.54,4.18,5.7,7.0
2016-05-20,9.88,7.15,3.47,,3.88,5.36,6.62,4.22,5.72,7.0
2016-05-23,9.83,7.13,3.54,,3.87,5.45,6.76,4.25,5.72,7.01
2016-05-24,9.49,7.1,3.4,,3.82,5.51,6.6,4.21,5.73,6.98
2016-05-25,9.29,6.99,3.36,,3.8,5.48,6.59,4.2,5.74,6.97
2016-05-26,9.36,7.03,3.36,,3.77,5.49,6.63,4.19,5.73,6.83
2016-05-27,9.2,6.96,3.33,,3.76,5.47,6.65,4.2,5.72,6.85
2016-05-30,8.95,6.86,3.33,,3.77,5.44,6.57,4.19,5.67,6.82
2016-05-31,9.27,7.21,3.47,,3.87,5.65,6.84,4.33,5.83,7.01
2016-06-01,9.25,7.24,3.48,,3.86,5.67,6.99,4.31,5.85,7.05
2016-06-02,9.37,7.47,3.47,,3.89,5.63,7.02,4.33,5.85,7.06
2016-06-03,9.27,7.36,3.47,,3.87,5.63,7.08,4.34,5.86,7.21
2016-06-06,9.76,7.47,3.45,,3.85,5.6,7.02,4.33,5.82,7.22
2016-06-07,9.71,7.39,3.45,,3.8,5.61,6.99,4.37,5.78,7.32
2016-06-08,9.56,7.3,3.42,,3.78,5.59,6.93,4.36,5.68,7.16
2016-06-13,9.0,6.76,3.28,,3.71,5.69,6.76,4.22,5.49,6.9
2016-06-14,9.11,6.83,3.29,,3.68,5.55,6.69,4.23,5.52,6.93
2016-06-15,9.23,7.09,3.34,,3.73,5.67,6.86,4.3,5.61,7.0
2016-06-16,9.09,7.13,3.27,,3.68,5.59,6.84,4.25,5.57,6.93
2016-06-17,9.08,7.46,3.28,,3.77,5.55,6.87,4.24,5.55,7.05
2016-06-20,9.02,7.49,3.27,,3.69,5.55,6.86,4.24,5.45,7.0
2016-06-21,9.37,7.75,3.29,,3.64,5.53,6.8,4.22,5.44,7.04
2016-06-22,9.7,7.75,3.4,,3.67,5.57,7.02,4.25,5.48,7.02
2016-06-23,9.58,7.54,3.47,,3.66,5.52,6.93,4.21,5.44,6.98
2016-06-24,9.38,7.32,3.36,,3.58,5.44,6.81,4.15,5.45,6.98
2016-06-27,9.47,7.68,3.39,,3.75,5.54,6.97,4.2,5.49,6.99
2016-06-28,9.47,7.7,3.41,,3.71,5.58,6.97,4.2,5.61,7.02
2016-06-29,9.38,7.71,3.41,,3.7,5.61,6.99,4.23,5.6,7.1
2016-06-30,9.28,7.63,3.38,,3.7,5.57,7.05,4.21,5.9,7.06
2016-07-01,9.35,7.53,3.38,,3.83,5.52,7.09,4.25,5.76,7.01
2016-07-04,9.44,7.65,3.44,,3.97,5.68,7.2,4.37,5.78,7.03
2016-07-05,9.49,7.98,3.47,,4.07,5.74,7.41,4.37,5.76,7.11
2016-07-06,9.61,7.95,3.52,,4.07,5.74,7.32,4.38,5.69,7.14
2016-07-07,9.48,7.83,3.51,,4.04,5.76,7.23,4.34,5.81,7.14
2016-07-08,9.45,7.9,3.48,,4.02,5.75,7.19,4.33,5.74,7.06
2016-07-11,9.46,7.77,3.47,,4.07,5.77,7.5,4.33,5.77,7.06
2016-07-12,9.46,7.82,3.53,,4.22,6.07,7.56,4.38,5.77,7.12
2016-07-13,9.56,7.96,3.56,,4.16,6.22,7.72,4.44,5.8,7.19
2016-07-14,9.75,7.94,3.54,,4.17,6.13,7.62,4.43,5.8,7.21
2016-07-15,9.79,7.96,3.54,,4.18,6.22,7.53,4.41,5.8,7.22
2016-07-18,9.79,8.03,3.56,,4.04,6.26,7.56,4.4,5.78,7.2
2016-07-19,10.2,8.03,3.54,,4.06,6.16,7.57,4.38,5.78,7.17
2016-07-20,10.21,7.9,3.52,,4.04,6.18,7.56,4.36,5.89,7.18
2016-07-21,10.38,7.87,3.53,,4.06,6.17,7.62,4.38,6.13,7.16
2016-07-22,10.01,7.75,3.47,,3.98,6.07,7.48,4.34,5.98,7.16
2016-07-25,9.91,7.72,3.48,,4.03,6.05,7.76,4.35,6.36,7.13
2016-07-26,9.91,7.88,3.53,,4.09,6.14,7.78,4.39,6.37,7.13
2016-07-27,9.77,7.38,3.4,,4.11,5.89,7.47,4.25,6.07,7.22
2016-07-28,9.63,7.21,3.44,,4.08,6.0,7.53,4.27,6.11,7.17
2016-07-29,9.67,7.19,3.4,,4.06,5.92,7.44,4.27,6.0,7.14
2016-08-01,9.48,7.35,3.35,,4.15,5.83,7.4,4.23,5.8,7.1
2016-08-02,9.59,7.36,3.38,,4.12,5.94,7.65,4.28,5.85,7.06
2016-08-03,9.79,7.31,3.37,,4.06,6.14,7.77,4.3,5.82,6.99
2016-08-04,9.87,7.33,3.41,,4.06,6.13,7.71,4.35,5.81,7.03
2016-08-05,9.99,7.27,3.4,,4.02,6.08,7.71,4.37,6.0,7.05
2016-08-08,10.72,7.36,3.43,,4.15,6.22,7.64,4.47,6.06,7.08
2016-08-09,10.82,7.39,3.49,,4.17,6.2,8.18,4.5,6.0,7.08
2016-08-10,10.54,7.4,3.47,,4.32,6.13,8.26,4.44,5.91,7.04
2016-08-11,10.45,7.38,3.44,,4.23,6.0,8.04,4.39,5.94,7.0
2016-08-12,10.59,7.43,3.52,,4.25,6.14,8.18,4.65,6.0,7.05
2016-08-15,10.62,7.57,3.58,,4.34,6.25,8.22,4.74,6.08,7.13
2016-08-16,10.68,7.54,3.65,,4.5,6.28,8.18,4.72,6.07,7.14
2016-08-17,10.43,7.49,3.64,,4.95,6.31,8.17,4.76,6.12,7.12
2016-08-18,10.67,7.49,3.63,,5.0,6.43,8.25,4.82,6.06,7.09
2016-08-19,10.44,7.47,3.63,,4.95,6.45,8.29,4.76,6.25,7.16
2016-08-22,10.4,7.36,3.61,,4.73,6.29,8.07,4.77,6.07,7.32
2016-08-23,10.43,7.41,3.6,,4.77,6.44,8.12,4.72,6.04,7.33
2016-08-24,10.47,7.42,3.6,,4.9,6.31,8.01,4.82,5.96,7.25
2016-08-25,10.41,7.19,3.65,,5.12,6.23,7.88,4.77,5.99,7.41
2016-08-26,10.37,7.21,3.63,,5.05,6.25,7.85,4.81,6.08,7.41
2016-08-29,10.36,7.31,3.73,,5.22,6.26,8.01,4.89,6.04,7.38
2016-08-30,10.31,7.44,3.65,,5.11,6.17,7.91,4.83,6.07,7.39
2016-08-31,10.37,7.39,3.61,,5.16,6.19,7.82,5.01,6.25,7.49
2016-09-01,10.32,7.47,3.56,,5.08,6.1,7.77,4.85,6.06,7.34
2016-09-02,10.67,7.57,3.57,,5.16,6.08,7.79,4.84,6.05,7.38
2016-09-05,10.62,7.47,3.6,,5.68,6.18,7.82,4.82,6.04,7.45
2016-09-06,10.74,7.53,3.73,,5.65,6.24,7.89,4.84,6.17,7.41
2016-09-07,10.64,7.78,3.96,,5.5,6.25,8.0,4.8,6.11,7.38
2016-09-08,10.58,7.78,4.01,,5.64,6.35,8.1,4.8,6.12,7.52
2016-09-09,10.26,7.64,3.92,,5.56,6.28,7.92,4.76,6.13,7.36
2016-09-12,10.32,7.36,3.82,,5.68,6.09,7.49,4.65,6.01,7.32
2016-09-13,10.16,7.37,3.87,,5.68,6.06,7.64,4.69,5.97,7.5
2016-09-14,10.11,7.28,3.8,,5.68,5.99,7.57,4.66,5.96,7.66
2016-09-19,9.69,7.33,3.83,,5.68,6.06,7.58,4.71,5.99,8.02
2016-09-20,9.49,7.34,3.84,,5.68,6.04,7.92,4.71,5.96,7.94
2016-09-21,9.51,7.3,3.8,,5.68,6.05,8.01,4.71,5.92,7.81
2016-09-22,9.79,7.79,3.81,,5.68,6.08,7.91,4.82,6.18,7.82
2016-09-23,9.79,7.88,3.81,,5.68,6.05,7.91,4.76,6.13,7.8
2016-09-26,9.46,7.84,3.66,,5.68,5.94,7.64,4.64,6.18,7.64
2016-09-27,9.54,8.01,3.68,,5.68,5.94,7.67,4.76,6.15,7.99
2016-09-28,9.35,8.08,3.64,,5.68,5.93,7.56,4.74,6.35,7.92
2016-09-29,9.35,7.95,3.63,,5.11,5.95,7.57,4.73,6.56,7.89
2016-09-30,9.43,7.93,3.64,,5.09,5.96,7.66,4.75,6.47,7.83
2016-10-10,8.96,8.14,3.73,,5.39,6.08,7.73,4.66,6.65,7.99
2016-10-11,8.96,8.05,3.73,,5.45,6.12,7.76,4.68,6.6,7.97
2016-10-12,8.95,7.94,3.73,,5.3,6.11,7.79,4.69,6.48,8.07
2016-10-13,8.96,8.0,3.81,,5.31,6.12,7.77,4.7,6.5,7.94
2016-10-14,8.89,7.87,3.8,,5.32,6.25,7.89,4.69,6.49,7.85
2016-10-17,8.83,7.71,3.75,,5.85,6.13,7.65,4.66,6.59,7.78
2016-10-18,8.94,7.81,3.8,,5.92,6.35,7.75,4.72,6.7,7.92
2016-10-19,8.94,7.75,3.8,,5.85,6.28,7.77,4.69,6.64,7.92
2016-10-20,8.97,7.87,3.8,,6.0,6.2,7.89,4.7,7.16,7.85
2016-10-21,9.03,7.68,3.77,,6.1,6.36,7.84,4.69,7.08,7.75
2016-10-24,9.17,7.75,3.8,,6.1,6.58,7.96,4.73,6.96,7.84
2016-10-25,9.07,7.78,3.79,,6.19,6.58,7.95,4.76,6.89,7.9
2016-10-26,8.96,7.68,3.73,,6.16,6.47,7.87,4.81,7.0,7.89
2016-10-27,8.89,7.72,3.73,,6.39,6.49,7.86,4.81,6.9,7.82
2016-10-28,8.87,7.61,3.69,,6.39,6.31,7.77,4.77,6.74,7.86
2016-10-31,8.86,7.8,3.68,,6.33,6.28,7.77,4.66,6.75,7.89
2016-11-01,8.89,7.82,3.73,,6.37,6.34,7.99,4.69,6.75,8.03
2016-11-02,8.82,7.68,3.66,,6.29,6.24,8.04,4.63,6.54,8.15
2016-11-03,8.85,7.69,3.68,,6.36,6.42,8.1,4.67,6.62,8.17
2016-11-04,8.82,7.84,3.67,,6.36,6.35,8.27,4.63,6.62,8.12
2016-11-07,8.79,7.91,3.68,,6.95,6.3,8.19,4.63,6.7,8.17
2016-11-08,8.77,7.88,3.69,,7.0,6.4,8.06,4.66,6.93,8.23
2016-11-09,8.8,8.07,3.63,,6.91,6.3,7.95,4.63,6.75,8.13
2016-11-10,8.93,8.1,3.67,,6.95,6.46,8.06,4.69,6.89,8.22
2016-11-11,8.94,8.01,3.7,,6.98,6.72,8.11,4.72,6.77,8.25
2016-11-14,8.98,8.22,3.73,,7.01,6.96,8.26,4.74,6.98,8.11
2016-11-15,8.97,8.2,3.74,,6.96,6.89,8.14,4.74,6.79,8.07
2016-11-16,8.96,8.08,3.73,,7.11,6.85,8.09,4.71,6.82,8.15
2016-11-17,8.93,8.02,3.72,,7.05,7.11,8.14,4.71,6.69,8.18
2016-11-18,8.93,7.92,3.72,,6.97,7.08,8.07,4.71,6.64,8.03
2016-11-21,8.92,7.95,3.73,,6.79,7.08,8.09,4.74,6.55,8.01
2016-11-22,8.89,8.01,3.78,,6.76,7.02,8.1,4.76,6.56,8.02
2016-11-23,9.04,7.83,3.74,,6.81,6.96,8.14,4.78,6.6,7.9
2016-11-24,8.94,7.78,3.73,,6.84,6.95,7.97,4.82,6.61,7.96
2016-11-25,9.0,7.87,3.83,,6.84,6.89,7.89,4.96,6.56,7.88
2016-11-28,9.01,8.02,3.8,,6.8,7.34,8.11,4.92,6.52,7.92
2016-11-29,8.94,7.9,3.8,,6.85,7.24,7.87,4.87,6.43,7.92
2016-11-30,8.94,8.0,3.75,,6.73,6.97,7.7,4.85,6.37,7.92
2016-12-01,9.03,8.0,3.78,,6.8,6.99,7.75,4.98,6.57,7.98
2016-12-02,8.94,7.72,3.7,,6.78,6.95,7.59,4.89,6.52,7.86
2016-12-05,8.91,7.57,3.68,,6.44,6.65,7.53,4.76,6.38,7.66
2016-12-06,8.85,7.54,3.7,,6.4,6.64,7.62,4.76,6.53,7.78
2016-12-07,8.87,7.62,3.71,,6.6,6.74,7.75,4.79,6.72,7.87
2016-12-08,8.8,7.56,3.69,,6.54,6.63,7.65,4.74,6.7,7.81
2016-12-09,8.75,7.53,3.67,,6.57,6.65,7.67,4.77,6.85,7.75
2016-12-12,8.54,7.2,3.54,,6.5,6.33,7.23,4.62,6.76,7.69
2016-12-13,8.67,7.22,3.55,,6.62,6.48,7.03,4.63,6.77,7.78
2016-12-14,8.84,7.28,3.55,,6.72,6.53,6.97,4.63,6.77,7.7
2016-12-15,8.82,7.29,3.55,,6.67,6.53,7.04,4.63,6.98,7.69
2016-12-16,8.79,7.36,3.56,,6.71,6.58,7.17,4.67,6.79,7.75
2016-12-19,8.65,7.34,3.56,,6.68,6.68,7.18,4.64,6.79,7.38
2016-12-20,8.66,7.34,3.56,,6.69,6.53,7.16,4.57,6.92,7.51
2016-12-21,8.63,7.5,3.64,,6.65,6.73,7.2,4.59,7.0,7.49
2016-12-22,8.64,7.52,3.62,,6.69,6.69,7.2,4.59,6.9,7.48
2016-12-23,8.66,7.46,3.59,,6.66,6.63,7.17,4.57,6.93,7.43
2016-12-26,8.64,7.51,3.6,,6.76,6.43,7.47,4.53,6.96,7.45
2016-12-27,8.6,7.44,3.64,,6.65,6.35,7.38,4.45,6.94,7.44
2016-12-28,8.57,7.4,3.62,,6.65,6.28,7.23,4.36,6.87,7.4
2016-12-29,8.51,7.48,3.58,,6.62,6.31,7.23,4.36,6.9,7.41
2016-12-30,8.69,7.59,3.57,,6.62,6.27,7.27,4.35,6.84,7.31
2017-01-03,8.56,7.63,3.6,,6.95,6.36,7.39,4.46,6.84,7.61
2017-01-04,8.53,7.87,3.62,,7.65,6.42,7.45,4.47,6.98,7.62
2017-01-05,8.52,7.88,3.61,,7.59,6.42,7.49,4.46,7.13,7.77
2017-01-06,8.49,7.86,3.64,,7.65,6.5,7.49,4.45,7.12,7.74
2017-01-09,8.47,8.01,3.66,,7.55,6.58,7.53,4.46,7.2,7.75
2017-01-10,8.07,7.9,3.63,,7.36,6.47,8.28,4.46,7.22,7.67
2017-01-11,8.11,8.0,3.58,,7.44,6.38,9.11,4.44,7.13,7.58
2017-01-12,8.12,7.81,3.56,,7.29,6.32,9.24,4.38,7.14,7.53
2017-01-13,8.13,7.78,3.58,,7.41,6.27,8.59,4.35,7.1,7.72
2017-01-16,8.14,7.87,3.61,,7.04,6.02,8.42,4.33,6.39,7.82
2017-01-17,8.07,7.8,3.6,,6.98,6.05,9.26,4.36,6.14,7.69
2017-01-18,8.06,7.82,3.6,,7.02,6.05,10.19,4.4,6.09,7.73
2017-01-19,8.03,8.05,3.6,,6.87,6.03,10.43,4.38,5.83,7.73
2017-01-20,8.07,8.06,3.62,,6.89,6.08,11.47,4.4,6.09,7.71
2017-01-23,8.07,8.1,3.63,,6.93,6.17,10.77,4.43,6.18,7.75
2017-01-24,8.01,7.99,3.62,,7.05,6.2,10.61,4.42,6.21,7.64
2017-01-25,8.0,8.22,3.62,,7.2,6.19,10.3,4.43,6.36,7.63
2017-01-26,8.02,8.13,3.63,,7.29,6.21,10.04,4.46,6.59,7.7
2017-02-03,8.01,8.11,3.6,,7.21,6.18,10.16,4.41,6.58,7.64
2017-02-06,8.03,8.05,3.63,,7.12,6.26,10.28,4.43,6.49,7.63
2017-02-07,8.01,8.26,3.6,,7.15,6.32,10.63,4.44,6.5,7.64
2017-02-08,8.03,8.21,3.62,,7.09,6.4,10.79,4.45,6.5,7.62
2017-02-09,8.16,8.35,3.65,,7.14,6.51,11.88,4.47,6.52,7.6
2017-02-10,8.14,8.29,3.67,,7.31,6.8,12.14,4.48,6.57,7.58
2017-02-13,8.15,8.31,3.69,,7.31,6.86,11.57,4.5,6.55,7.48
2017-02-14,8.11,8.18,3.68,,7.34,6.98,12.16,4.5,6.55,7.4
2017-02-15,8.09,8.13,3.73,,7.12,6.77,11.33,4.49,6.5,7.35
2017-02-16,8.1,8.15,3.74,,7.15,7.11,11.49,4.5,6.57,7.35
2017-02-17,8.06,7.9,3.69,,7.01,6.93,11.51,4.48,6.36,7.06
2017-02-20,8.08,8.0,3.72,,7.28,6.96,11.87,4.55,6.37,7.06
2017-02-21,8.13,8.08,3.76,,7.29,6.95,11.63,4.54,6.35,7.11
2017-02-22,8.15,8.51,3.76,,7.33,7.12,11.65,4.56,6.36,7.15
2017-02-23,8.11,8.67,3.76,,7.19,6.99,10.99,4.54,6.28,7.2
2017-02-24,8.14,8.63,3.76,,7.27,6.89,10.78,4.53,6.29,7.18
2017-02-27,8.07,8.5,3.76,,7.23,6.9,10.84,4.5,6.32,7.15
2017-02-28,8.08,8.55,3.76,,7.23,7.04,11.01,4.48,6.36,7.14
2017-03-01,8.09,8.67,3.76,,7.19,6.97,11.29,4.49,6.41,7.09
2017-03-02,8.06,8.51,3.76,,7.17,6.92,10.91,4.46,6.38,7.11
2017-03-03,8.17,8.71,3.76,,7.19,6.73,10.69,4.46,6.36,7.21
2017-03-06,8.2,8.77,3.75,,7.26,6.74,10.69,4.48,6.37,7.35
2017-03-07,8.18,8.61,3.72,,7.27,6.63,10.54,4.48,6.35,7.36
2017-03-08,8.16,8.56,3.93,,7.25,6.59,10.63,4.5,6.35,7.36
2017-03-09,8.16,8.49,3.82,,7.18,6.58,10.59,4.46,6.27,7.29
2017-03-10,8.2,8.49,3.79,,7.18,6.57,10.74,4.49,6.27,7.28
2017-03-13,8.21,8.72,3.8,,7.19,6.61,10.69,4.58,6.19,7.25
2017-03-14,8.24,8.66,3.77,,7.19,6.62,10.78,4.58,6.12,7.23
2017-03-15,8.22,8.55,3.81,,7.1,6.64,10.59,4.57,6.13,7.14
2017-03-16,8.25,8.84,3.79,,7.22,6.71,10.75,4.57,6.13,7.06
2017-03-17,8.16,8.56,3.73,,7.12,6.6,11.51,4.54,6.12,7.04
2017-03-20,8.25,8.6,3.74,,7.11,6.52,12.67,4.55,6.12,7.1
2017-03-21,8.24,8.46,3.76,,7.11,6.61,12.05,4.56,6.16,7.01
2017-03-22,8.19,8.49,3.73,,7.24,7.27,13.25,4.53,6.17,6.82
2017-03-23,8.17,8.4,3.72,,7.22,8.0,14.58,4.53,6.27,6.72
2017-03-24,8.17,8.44,3.74,,7.61,8.4,16.04,4.57,6.37,6.63
2017-03-27,8.14,8.33,3.73,,7.39,8.41,17.63,4.56,6.28,6.65
2017-03-28,8.15,8.22,3.72,,7.25,9.24,17.83,4.54,6.25,6.57
2017-03-29,8.06,8.25,3.72,,7.22,9.78,19.62,4.51,6.27,6.48
2017-03-30,7.94,7.98,3.67,,7.08,9.42,20.54,4.47,6.28,6.37
2017-03-31,7.91,8.05,3.7,,7.13,9.46,19.52,4.52,6.35,6.48
2017-04-05,8.06,8.27,4.07,,7.84,9.58,19.68,4.6,6.57,6.68
2017-04-06,8.12,8.23,4.48,,8.62,9.43,20.29,4.58,6.61,6.6
2017-04-07,8.04,8.15,4.93,,8.2,9.7,19.53,4.61,6.79,6.66
2017-04-10,8.01,8.23,5.43,,8.63,9.72,21.48,4.73,6.78,6.71
2017-04-11,8.04,8.35,5.98,,9.49,9.95,22.75,4.76,6.72,6.88
2017-04-12,8.07,8.73,6.58,,8.54,8.95,20.86,4.7,6.74,6.78
2017-04-13,8.07,8.7,7.24,,8.45,8.69,20.93,4.73,6.84,6.68
2017-04-14,8.02,8.72,7.24,,8.07,8.32,20.14,4.68,6.84,6.56
2017-04-17,8.02,8.82,7.24,,7.72,8.35,20.77,4.66,6.47,5.9
2017-04-18,7.94,8.89,6.51,,7.69,8.46,22.16,4.64,6.73,5.64
2017-04-19,7.95,8.74,6.34,,7.54,8.55,21.74,4.59,6.99,5.63
2017-04-20,7.92,8.75,6.1,,7.13,8.71,22.77,4.59,7.08,5.61
2017-04-21,7.95,8.99,5.49,,7.06,7.84,23.61,4.58,7.0,5.64
2017-04-24,7.97,8.59,5.46,,7.36,7.18,22.15,4.48,6.6,5.5
2017-04-25,7.88,9.0,5.7,,7.51,7.42,22.89,4.46,6.55,5.48
2017-04-26,7.89,9.27,6.27,,7.62,7.61,22.43,4.46,6.56,5.62
2017-04-27,7.9,9.37,6.41,,7.57,8.23,23.77,4.48,6.83,5.59
2017-04-28,7.89,9.45,6.52,,7.78,8.21,23.29,4.46,6.98,5.63
2017-05-02,7.62,10.18,6.77,,7.7,8.34,23.58,4.36,7.01,5.56
2017-05-03,7.64,10.26,6.18,,7.32,8.51,24.17,4.33,7.09,5.58
2017-05-04,7.65,9.97,6.69,,7.26,8.56,24.22,4.35,7.22,5.5
2017-05-05,7.67,10.26,6.51,,7.2,8.57,23.26,4.32,7.03,5.42
2017-05-08,7.75,9.97,6.02,,7.0,7.94,20.94,4.26,6.75,5.16
2017-05-09,7.64,10.08,6.03,,7.01,8.28,21.46,4.28,6.83,5.26
2017-05-10,7.6,9.63,5.59,,6.63,7.9,20.11,4.18,6.81,5.08
2017-05-11,7.66,9.77,5.9,,6.81,8.56,20.19,4.17,6.81,5.03
2017-05-12,7.63,9.49,6.21,,6.7,8.48,19.77,4.16,6.78,4.99
2017-05-15,7.64,9.81,6.14,,6.66,8.09,19.6,4.22,6.71,5.01
2017-05-16,7.59,10.02,6.76,,6.83,8.07,18.91,4.27,6.75,5.06
2017-05-17,7.59,9.83,7.04,,6.98,8.87,18.99,4.23,6.77,5.04
2017-05-18,7.56,9.75,6.82,,6.77,8.66,17.39,4.27,6.78,4.99
2017-05-19,7.56,9.12,6.74,,6.84,8.68,16.84,4.26,6.6,4.98
2017-05-22,7.52,9.05,6.73,,6.79,8.21,17.05,4.2,6.61,4.89
2017-05-23,7.42,8.58,6.13,,6.52,7.78,16.01,4.15,6.42,4.85
2017-05-24,7.42,8.61,6.21,,6.57,8.19,16.26,4.15,6.55,4.82
2017-05-25,7.52,8.65,6.27,,6.62,8.15,16.13,4.25,6.61,4.91
2017-05-26,7.54,8.57,6.14,,6.69,8.34,15.79,4.21,6.55,4.91
2017-05-31,7.64,8.19,6.11,,6.67,8.12,16.02,4.24,6.4,4.91
2017-06-01,7.55,7.96,5.67,,6.63,7.81,14.89,4.2,6.37,4.86
2017-06-02,7.58,8.08,5.8,,6.75,8.1,14.9,4.25,6.39,4.92
2017-06-05,7.59,8.17,5.82,,6.73,8.02,15.31,4.24,6.36,4.96
2017-06-06,7.58,8.21,5.8,,6.71,7.97,14.96,4.29,6.42,5.29
2017-06-07,7.59,8.36,6.27,,6.81,8.35,15.8,4.32,6.49,5.3
2017-06-08,7.55,8.21,6.18,,6.82,8.33,15.84,4.31,6.61,5.27
2017-06-09,7.54,8.21,6.12,,6.85,8.37,15.65,4.3,6.75,5.31
2017-06-12,7.48,7.83,6.17,,6.68,8.08,15.06,4.23,6.69,5.16
2017-06-13,7.55,8.04,6.22,,6.66,8.29,15.25,4.25,6.88,5.23
2017-06-14,7.46,8.04,6.08,,6.54,8.33,16.78,4.22,6.79,5.24
2017-06-15,7.47,8.28,6.1,,6.59,8.54,18.45,4.23,6.79,5.29
2017-06-16,7.45,8.21,6.24,,6.57,8.38,19.6,4.22,6.79,5.27
2017-06-19,7.45,8.25,6.18,,6.62,8.46,21.56,4.24,6.7,5.24
2017-06-20,7.46,8.46,6.28,,6.64,8.29,21.51,4.25,6.66,5.23
2017-06-21,7.47,8.5,6.35,,6.65,8.38,21.29,4.24,6.71,5.25
2017-06-22,7.46,8.27,6.12,,6.58,8.04,20.68,4.24,6.66,5.2
2017-06-23,7.52,8.44,6.04,,6.64,8.0,20.44,4.27,6.64,5.28
2017-06-26,7.55,8.5,6.08,,6.92,8.06,20.76,4.33,6.62,5.36
2017-06-27,7.49,8.63,6.06,,6.87,7.94,20.44,4.33,6.57,5.35
2017-06-28,7.5,8.47,5.89,,7.0,7.81,22.49,4.3,6.54,5.31
2017-06-29,7.48,8.47,5.89,,6.97,7.85,22.57,4.31,6.65,5.32
2017-06-30,7.49,8.75,5.78,,6.99,7.76,21.74,4.3,6.69,5.28
2017-07-03,7.46,8.94,5.83,,7.43,7.91,23.27,4.31,6.68,5.28
2017-07-04,7.47,8.92,5.82,,7.34,7.84,22.67,4.29,6.61,5.29
2017-07-05,7.53,8.95,5.8,,7.32,7.86,23.45,4.3,6.58,5.28
2017-07-06,7.51,9.03,5.71,,7.28,7.76,23.44,4.3,6.76,5.32
2017-07-07,7.49,9.03,5.64,,7.37,7.7,22.76,4.34,6.66,5.34
2017-07-10,7.5,8.94,5.63,,7.54,7.53,21.9,4.36,7.01,5.36
2017-07-11,7.48,8.51,5.41,,7.49,7.62,22.15,4.35,7.02,5.27
2017-07-12,7.48,8.62,5.39,,7.49,7.43,22.4,4.35,7.1,5.21
2017-07-13,7.49,8.55,5.26,,7.5,7.53,22.34,4.35,7.04,5.23
2017-07-14,7.48,8.42,5.27,,7.74,7.77,21.6,4.42,6.99,5.21
2017-07-17,7.34,7.83,4.85,,7.26,7.41,19.81,4.36,6.84,5.0
2017-07-18,7.33,8.02,4.91,,7.41,7.51,19.9,4.36,6.66,5.01
2017-07-19,7.35,8.23,4.95,,7.6,7.8,21.89,4.42,6.59,5.06
2017-07-20,7.48,8.26,4.97,,7.6,7.83,21.81,4.54,6.66,5.09
2017-07-21,7.42,8.22,5.12,,7.44,7.74,22.09,4.55,6.67,5.07
2017-07-24,7.47,8.47,5.32,,7.61,7.81,22.1,4.61,6.59,5.04
2017-07-25,7.42,8.29,5.19,,7.43,7.59,23.69,4.58,6.55,5.05
2017-07-26,7.4,8.87,5.22,,7.37,7.51,23.16,4.54,6.8,5.02
2017-07-27,7.47,8.87,5.18,,7.32,7.55,22.31,4.52,6.76,5.06
2017-07-28,7.43,8.91,5.11,,7.39,7.48,21.79,4.45,6.68,5.07
2017-07-31,7.43,9.26,5.17,,7.61,7.47,21.72,4.5,6.7,5.16
2017-08-01,7.49,9.57,5.43,,7.5,7.62,21.38,4.48,6.63,5.27
2017-08-02,7.42,9.27,5.52,,7.71,7.47,20.81,4.44,6.56,5.2
2017-08-03,7.47,9.13,5.43,,7.96,7.52,22.89,4.44,6.57,5.22
2017-08-04,7.45,9.19,5.38,,7.79,7.47,22.08,4.44,6.54,5.27
2017-08-07,7.44,9.22,5.48,,8.18,7.69,21.96,4.44,6.56,5.36
2017-08-08,7.42,8.96,5.48,,7.97,7.64,21.62,4.46,6.57,5.28
2017-08-09,7.39,9.02,5.52,,7.98,7.71,22.11,4.44,6.55,5.39
2017-08-10,7.3,8.74,5.39,,7.68,7.47,22.38,4.39,6.38,5.39
2017-08-11,7.25,8.32,5.41,,7.33,7.27,21.72,4.3,6.44,5.25
2017-08-14,7.3,8.43,5.96,,7.32,7.36,21.8,4.36,6.5,5.33
2017-08-15,7.28,8.58,6.01,,7.27,7.35,22.26,4.36,6.56,5.32
2017-08-16,7.32,8.5,5.87,,7.23,7.33,21.85,4.36,6.53,5.26
2017-08-17,7.33,8.6,6.08,,7.3,7.44,21.88,4.38,6.55,5.27
2017-08-18,7.38,8.5,6.01,,7.35,7.61,21.78,4.4,6.57,5.31
2017-08-21,7.38,8.6,6.04,,7.52,7.6,21.4,4.41,6.56,5.33
2017-08-22,7.39,8.78,5.99,,7.45,7.49,21.32,4.48,6.55,5.27
2017-08-23,7.36,8.67,5.79,,7.25,7.41,20.86,4.46,6.51,5.26
2017-08-24,7.33,8.6,5.83,,7.13,7.41,20.87,4.45,6.4,5.21
2017-08-25,7.33,8.66,5.89,,7.25,7.52,20.88,4.52,6.5,5.25
2017-08-28,7.44,8.69,5.99,,7.29,7.54,20.91,4.64,6.85,5.33
2017-08-29,7.42,8.63,5.95,,7.3,7.52,21.8,4.64,6.71,5.31
2017-08-30,7.39,8.63,5.9,,7.42,7.62,21.42,4.74,6.64,5.31
2017-08-31,7.37,8.5,5.83,,7.4,7.56,21.24,4.76,6.66,5.31
2017-09-01,7.36,8.76,5.89,,7.62,7.69,21.12,4.77,6.71,5.3
2017-09-04,7.35,8.83,6.03,,7.54,7.66,21.19,4.94,6.62,5.28
2017-09-05,7.33,8.77,5.97,,7.45,7.59,20.95,4.95,6.62,5.36
2017-09-06,7.45,8.97,5.94,,7.4,7.77,20.84,4.87,6.56,5.33
2017-09-07,7.45,8.84,5.89,,7.31,7.77,20.97,4.9,6.58,5.28
2017-09-08,7.48,8.76,5.89,,7.32,7.77,20.7,4.88,6.54,5.28
2017-09-11,7.52,8.82,5.99,,7.31,7.94,20.7,4.83,6.54,5.34
2017-09-12,7.49,9.02,6.11,,7.3,7.74,20.18,4.82,6.44,5.32
2017-09-13,7.64,8.93,6.08,,7.54,8.01,20.19,4.87,6.6,5.34
2017-09-14,7.82,8.71,5.96,,7.42,8.01,20.39,4.9,6.53,5.41
2017-09-15,7.85,8.49,5.85,,7.2,7.82,19.79,4.97,6.48,5.4
2017-09-18,7.97,8.64,5.83,,7.14,7.88,19.74,4.97,6.49,5.4
2017-09-19,8.1,8.62,5.83,,7.14,7.71,19.41,5.06,6.41,5.43
2017-09-20,8.07,8.84,5.82,,7.09,7.77,19.27,5.08,6.41,5.46
2017-09-21,7.84,8.55,5.66,,7.1,7.66,18.98,4.94,6.4,5.46
2017-09-22,7.92,8.31,5.57,,6.86,7.48,18.47,4.94,6.44,5.39
2017-09-25,7.77,8.31,5.5,,6.78,7.38,17.78,4.68,6.36,5.31
2017-09-26,7.84,8.42,5.55,,6.82,7.45,19.14,4.69,6.34,5.32
2017-09-27,7.83,8.4,5.53,,6.97,7.45,18.77,4.72,6.37,5.28
2017-09-28,7.72,8.76,5.53,,6.86,7.37,17.98,4.68,6.3,5.28
2017-09-29,7.74,8.87,5.62,,6.91,7.4,17.93,4.72,6.35,5.28
2017-10-09,7.75,8.94,5.63,,7.02,7.45,18.13,4.75,6.4,5.28
2017-10-10,7.71,9.09,5.62,,6.96,7.54,18.7,4.78,6.4,5.28
2017-10-11,7.69,9.34,5.46,,6.86,7.52,18.8,4.8,6.44,5.28
2017-10-12,7.59,9.03,5.45,,6.93,7.43,18.65,4.76,6.38,5.28
2017-10-13,7.63,9.11,5.68,,6.98,7.5,18.88,4.76,6.37,5.28
2017-10-16,7.58,8.97,5.5,,7.02,7.52,18.9,4.69,6.33,5.28
2017-10-17,7.55,8.92,5.49,,6.91,7.47,18.68,4.68,6.33,5.28
2017-10-18,7.48,8.65,5.51,,6.82,7.56,18.71,4.69,6.24,5.28
2017-10-19,7.49,8.67,5.34,,6.63,7.44,18.17,4.6,6.3,5.28
2017-10-20,7.55,8.73,5.36,,6.69,7.52,18.33,4.65,6.33,5.28
2017-10-23,7.56,8.74,5.49,,6.67,7.68,18.02,4.63,6.4,5.28
2017-10-24,7.6,8.62,5.42,,6.88,7.66,17.9,4.65,6.33,5.28
2017-10-25,7.57,8.89,5.43,,6.88,7.66,17.77,4.72,6.34,5.28
2017-10-26,7.51,8.96,5.41,,6.88,7.9,17.81,4.71,6.37,5.28
2017-10-27,7.5,8.83,5.37,,6.83,7.82,18.02,4.74,6.38,5.28
2017-10-30,7.36,8.48,5.19,,6.61,7.67,17.12,4.65,6.39,5.28
2017-10-31,7.42,8.58,5.17,,6.67,8.05,16.99,4.5,6.35,5.28
2017-11-01,7.37,8.44,5.12,,6.63,8.02,16.93,4.49,6.29,5.28
2017-11-02,7.27,8.3,5.07,,6.53,7.98,16.33,4.43,6.17,5.28
2017-11-03,7.23,8.14,4.95,,6.2,7.85,15.79,4.38,6.24,5.28
2017-11-06,7.18,8.25,5.0,,6.25,8.02,15.88,4.39,6.21,5.28
2017-11-07,7.21,8.21,5.03,2.25,6.34,7.92,16.34,4.41,6.2,5.28
2017-11-08,7.19,8.25,5.01,2.48,6.38,7.83,16.23,4.42,6.15,5.28
2017-11-09,7.17,8.28,4.99,2.72,6.48,8.33,16.14,4.43,6.13,5.28
2017-11-10,7.23,8.4,4.91,3.0,6.32,8.38,15.94,4.38,6.05,5.28
2017-11-13,7.18,8.3,4.88,3.3,6.42,8.32,15.98,4.35,6.26,5.28
2017-11-14,7.18,8.23,4.95,3.63,6.49,8.22,16.37,4.35,6.08,5.28
2017-11-15,7.1,8.07,4.88,3.99,6.34,8.44,15.86,4.33,6.01,5.28
2017-11-16,7.17,8.08,4.8,4.39,6.37,8.28,15.29,4.35,6.01,5.28
2017-11-17,7.05,7.77,4.58,4.82,6.39,8.36,14.08,4.33,6.0,5.28
2017-11-20,7.11,7.68,4.58,5.31,6.22,8.87,13.8,4.31,5.88,5.28
2017-11-21,7.31,7.61,4.57,5.84,6.19,8.97,13.58,4.41,5.86,5.28
2017-11-22,7.24,7.54,4.58,6.42,6.25,8.85,13.74,4.41,5.82,5.28
2017-11-23,7.09,7.24,4.65,7.07,6.15,8.88,13.31,4.34,5.85,5.28
2017-11-24,7.28,7.36,4.78,7.77,6.2,8.58,13.15,4.35,5.81,5.28
2017-11-27,7.19,7.33,4.78,8.04,6.18,8.38,14.46,4.34,5.61,5.28
2017-11-28,7.25,7.44,4.84,7.37,6.33,8.62,15.91,4.36,5.65,5.28
2017-11-29,7.3,7.55,4.81,7.74,6.43,9.0,17.5,4.47,5.54,5.28
2017-11-30,7.18,7.45,4.67,8.22,6.34,8.7,17.48,4.42,5.54,5.28
2017-12-01,7.3,7.49,4.74,7.55,6.33,8.66,17.23,4.4,5.57,5.28
2017-12-04,7.17,7.46,4.59,7.21,6.37,8.54,17.22,4.35,5.47,5.28
2017-12-05,7.02,7.23,4.52,7.27,6.21,7.81,18.23,4.32,5.48,5.28
2017-12-06,6.98,7.35,4.55,6.67,6.19,7.93,18.01,4.34,5.43,5.28
2017-12-07,6.97,7.36,4.52,6.32,6.12,7.73,17.62,4.37,5.41,5.28
2017-12-08,6.99,7.44,4.57,6.31,6.19,7.77,17.5,4.41,5.63,5.28
2017-12-11,6.98,7.48,4.59,6.3,6.18,7.89,17.55,4.42,5.61,5.28
2017-12-12,6.9,7.39,4.54,5.8,6.14,7.78,17.87,4.37,5.63,5.28
2017-12-13,6.9,7.44,4.59,5.82,6.13,7.76,17.64,4.38,5.64,5.28
2017-12-14,6.92,7.35,4.59,6.4,6.06,7.64,19.4,4.37,5.64,5.28
2017-12-15,6.87,7.33,4.66,6.88,5.94,7.52,18.64,4.33,5.65,5.28
2017-12-18,6.92,7.38,4.6,6.88,5.97,7.58,17.11,4.32,5.61,5.28
2017-12-19,6.91,7.55,4.65,6.73,5.98,7.77,17.23,4.33,5.49,5.28
2017-12-20,6.86,7.94,4.55,7.41,5.88,7.71,16.86,4.28,5.44,5.28
2017-12-21,6.87,7.97,4.57,8.15,5.9,8.01,16.52,4.28,5.39,5.28
2017-12-22,6.86,7.75,4.56,8.96,5.89,8.08,16.75,4.24,5.29,5.28
2017-12-25,6.79,7.7,4.45,9.86,5.78,8.24,16.74,4.26,5.2,5.28
2017-12-26,6.87,7.85,4.52,10.85,5.81,8.31,16.86,4.29,5.22,5.28
2017-12-27,6.76,7.68,4.49,11.93,5.82,8.12,17.48,4.29,5.22,5.28
2017-12-28,6.75,7.71,4.51,11.93,5.89,8.66,17.1,4.29,5.09,5.28
2017-12-29,6.87,7.79,4.52,11.93,5.98,8.83,17.18,4.34,5.27,5.28
2018-01-02,6.92,8.04,4.57,13.12,6.12,9.06,17.77,4.46,5.18,5.28
2018-01-03,6.91,8.06,5.03,14.44,6.33,9.04,17.89,4.48,5.19,5.28
2018-01-04,6.99,8.26,5.1,13.99,6.2,9.09,18.04,4.48,5.28,5.28
2018-01-05,7.13,8.28,5.03,13.84,6.1,8.85,18.29,4.91,5.27,5.28
2018-01-08,7.13,8.37,4.97,14.38,6.13,9.48,18.21,5.4,5.29,5.28
2018-01-09,7.17,8.21,4.93,14.2,6.15,9.29,17.43,5.59,5.3,5.28
2018-01-10,7.08,8.23,4.83,15.62,6.02,9.18,18.11,5.84,5.83,5.28
2018-01-11,7.09,8.17,4.8,17.18,5.95,9.02,17.46,5.6,5.72,5.28
2018-01-12,7.2,8.08,4.81,18.9,6.04,9.02,17.09,5.54,5.54,5.28
2018-01-15,7.06,7.91,4.67,20.79,5.9,8.55,16.5,5.42,5.35,5.28
2018-01-16,7.24,7.88,4.72,22.87,5.93,8.75,16.99,5.74,5.41,5.28
2018-01-17,7.18,8.13,4.79,22.87,6.09,8.6,17.15,5.21,5.23,5.28
2018-01-18,7.21,8.04,4.75,22.87,6.09,8.93,17.08,5.21,5.12,5.28
2018-01-19,7.15,7.96,4.8,22.87,6.07,8.77,17.01,5.17,5.14,5.28
2018-01-22,7.12,8.14,4.81,21.37,6.17,8.82,17.02,5.22,5.21,5.28
2018-01-23,7.16,8.08,4.81,20.74,6.17,8.83,17.04,5.27,5.2,5.28
2018-01-24,7.17,8.11,4.83,22.81,6.16,9.41,17.03,5.16,5.32,5.28
2018-01-25,7.2,8.24,4.84,21.82,6.22,9.46,16.88,5.11,5.28,5.28
2018-01-26,7.2,8.18,4.78,19.84,6.26,9.63,16.76,5.28,5.21,5.28
2018-01-29,7.15,8.18,4.66,20.11,6.34,9.71,16.08,5.23,5.1,5.28
2018-01-30,7.21,8.38,4.63,18.92,6.29,9.52,15.34,5.24,5.08,5.28
2018-01-31,7.23,8.39,4.54,17.05,6.14,9.76,14.95,5.15,5.11,5.28
2018-02-01,7.04,8.21,4.39,17.45,6.16,9.35,14.09,5.0,5.13,5.28
2018-02-02,7.06,8.07,4.44,17.2,6.33,9.95,14.51,4.93,4.79,5.28
2018-02-05,7.02,8.48,4.41,16.87,6.42,10.1,15.96,5.05,4.79,5.28
2018-02-06,6.76,8.03,4.06,17.19,6.18,9.1,15.8,4.73,4.75,5.28
2018-02-07,6.78,8.07,4.08,17.32,6.13,8.7,15.41,4.65,4.75,5.28
2018-02-08,6.89,7.92,4.12,16.65,5.92,8.8,15.0,4.65,4.75,5.28
2018-02-09,6.76,7.3,3.9,14.98,5.36,8.18,13.88,4.39,4.66,5.28
2018-02-12,6.89,7.46,3.95,15.15,5.35,8.24,14.56,4.44,4.73,5.28
2018-02-13,6.88,7.6,4.04,14.2,5.35,8.36,14.41,4.47,4.74,5.28
2018-02-14,6.92,7.56,4.08,13.28,5.49,8.4,14.49,4.46,4.78,5.28
2018-02-22,6.97,7.75,4.28,13.69,5.61,8.58,15.34,4.64,4.86,5.28
2018-02-23,6.95,8.0,4.33,15.06,5.72,8.73,15.34,4.65,4.87,5.28
2018-02-26,6.97,8.8,4.43,16.57,5.82,8.93,15.69,4.69,4.93,5.28
2018-02-27,6.93,9.02,4.36,18.22,5.76,8.72,15.69,4.63,5.0,4.83
2018-02-28,6.96,9.12,4.37,18.22,5.74,8.66,15.41,4.65,5.0,4.59
2018-03-01,6.88,9.26,4.37,20.05,5.77,8.72,15.54,4.59,5.16,4.77
2018-03-02,6.95,9.18,4.4,20.21,5.59,8.52,15.9,4.51,5.09,4.8
2018-03-05,6.88,9.22,4.38,20.9,5.59,8.37,15.67,4.49,5.09,4.79
2018-03-06,6.96,9.36,4.45,20.32,5.72,8.8,15.86,4.62,5.12,4.76
2018-03-07,7.09,9.2,4.38,22.35,5.73,8.6,15.9,4.54,5.03,4.76
2018-03-08,7.09,9.23,4.66,24.58,5.74,8.71,16.22,4.61,5.16,4.76
2018-03-09,7.15,8.98,4.6,23.59,5.68,8.88,16.15,4.6,5.24,4.76
2018-03-12,7.18,9.55,4.61,23.88,5.65,8.93,16.45,4.6,5.39,4.85
2018-03-13,7.19,9.25,4.54,23.3,5.58,8.82,17.16,4.65,5.5,4.84
2018-03-14,7.18,9.25,4.5,23.69,5.59,8.98,16.93,4.61,5.33,4.86
2018-03-15,7.15,9.22,4.51,21.33,5.52,9.17,16.15,4.58,5.27,4.78
2018-03-16,7.17,9.12,4.45,20.45,5.49,8.99,16.0,4.54,5.11,4.81
2018-03-19,7.15,9.22,4.48,20.65,5.32,8.85,16.1,4.47,4.94,4.85
2018-03-20,7.13,9.09,4.49,22.72,5.32,8.82,15.95,4.46,4.94,4.88
2018-03-21,7.12,9.47,4.49,23.43,5.25,8.87,15.53,4.46,4.78,4.83
2018-03-22,7.17,9.58,4.5,22.79,5.26,8.52,15.42,4.5,4.71,4.82
2018-03-23,6.9,8.62,4.5,20.52,4.78,7.73,14.17,4.24,4.52,4.62
2018-03-26,7.19,8.78,4.52,22.57,4.65,7.87,14.62,4.27,4.63,4.68
2018-03-27,7.25,8.92,4.56,22.38,4.79,8.02,15.09,4.32,4.89,4.73
2018-03-28,7.12,8.51,4.68,21.73,4.78,7.85,15.0,4.32,4.74,4.69
2018-03-29,7.21,8.72,4.62,21.85,4.94,8.04,15.19,4.45,4.77,4.75
2018-03-30,7.12,8.75,4.7,21.59,4.94,7.98,15.2,4.4,4.73,4.74
2018-04-02,7.13,8.66,4.59,20.88,4.86,7.87,15.12,4.46,4.59,4.71
2018-04-03,7.16,8.51,4.48,22.97,4.72,7.63,14.7,4.42,4.53,4.67
2018-04-04,7.12,8.43,4.4,22.13,4.71,7.56,15.09,4.37,4.49,4.79
2018-04-09,6.92,8.3,4.37,21.92,4.67,7.44,15.3,4.34,4.52,4.76
2018-04-10,6.96,8.48,4.41,22.57,4.77,7.78,15.4,4.43,4.44,4.81
2018-04-11,6.93,8.43,4.42,22.28,4.75,7.81,15.27,4.5,4.44,4.8
2018-04-12,6.95,8.3,4.36,21.63,4.63,7.7,14.9,4.46,4.35,4.79
2018-04-13,6.9,8.3,4.32,21.43,4.63,7.68,15.46,4.44,4.41,4.77
2018-04-16,6.89,7.97,4.33,21.12,4.51,7.52,14.98,4.32,4.33,4.8
2018-04-17,6.89,7.78,4.29,20.35,4.49,7.44,14.51,4.29,4.28,4.75
2018-04-18,6.91,8.06,4.26,20.52,4.46,7.41,14.61,4.3,4.27,4.81
2018-04-19,6.92,8.29,4.34,20.13,4.47,7.44,14.63,4.29,4.27,4.8
2018-04-20,6.81,7.98,4.37,19.02,4.32,7.13,14.23,4.22,4.22,4.78
2018-04-23,6.75,8.1,4.34,18.44,4.27,7.13,14.14,4.22,4.12,4.78
2018-04-24,6.88,8.37,4.36,19.19,4.4,7.34,14.44,4.33,4.16,4.84
2018-04-25,6.83,8.32,4.3,19.03,4.45,7.32,14.3,4.29,4.15,4.93
2018-04-26,6.73,8.14,4.3,18.07,4.33,7.19,13.93,4.22,4.05,4.9
2018-04-27,6.77,8.27,4.32,18.1,4.29,7.16,13.96,4.19,4.05,4.97
2018-05-02,6.66,8.4,4.28,18.19,4.29,7.23,14.1,4.17,4.04,5.09
2018-05-03,6.63,8.58,4.25,18.95,4.33,7.29,14.08,4.2,3.96,5.01
2018-05-04,6.55,8.47,4.25,18.24,4.23,7.2,14.22,4.19,3.93,4.91
2018-05-07,6.56,8.67,4.29,18.51,4.26,7.31,14.3,4.29,3.95,5.01
2018-05-08,6.59,8.65,4.33,20.36,4.3,7.36,14.29,4.3,4.24,4.99
2018-05-09,6.54,8.53,4.35,19.69,4.27,7.62,14.39,4.32,4.12,4.94
2018-05-10,6.51,8.48,4.34,19.63,4.26,7.56,14.28,4.3,4.07,4.96
2018-05-11,6.45,8.42,4.3,19.07,4.28,7.48,14.04,4.28,4.08,4.96
2018-05-14,6.39,8.65,4.27,19.24,4.2,7.36,14.08,4.29,4.1,4.88
2018-05-15,6.36,8.62,4.29,19.27,4.18,7.42,14.02,4.29,4.1,4.92
2018-05-16,6.32,8.56,4.31,19.44,4.17,7.32,13.91,4.27,3.95,5.03
2018-05-17,6.33,8.83,4.26,19.24,4.15,7.26,13.84,4.24,4.07,5.01
2018-05-18,6.36,8.9,4.3,20.12,4.2,7.34,13.87,4.28,4.09,5.01
2018-05-21,6.4,9.13,4.33,20.15,4.29,7.44,14.01,4.3,4.11,5.04
2018-05-22,6.37,9.03,4.38,20.9,4.27,7.57,14.05,4.27,4.09,5.01
2018-05-23,6.33,8.79,4.32,20.13,4.21,7.39,13.8,4.22,4.11,4.93
2018-05-24,6.33,8.76,4.27,20.06,4.15,7.4,14.56,4.19,4.01,4.92
2018-05-25,6.27,8.54,4.3,19.77,4.08,7.27,14.12,4.15,4.15,4.89
2018-05-28,6.25,8.43,4.25,19.85,4.03,7.07,13.93,4.16,4.06,4.84
2018-05-29,6.12,8.45,4.27,19.1,3.99,7.01,13.9,4.12,4.02,4.89
2018-05-30,6.13,7.96,4.05,17.95,3.89,6.57,13.76,4.0,3.76,4.69
2018-05-31,6.05,8.1,4.07,18.2,3.87,6.68,13.77,4.02,4.06,4.74
2018-06-01,5.87,8.08,3.99,18.52,3.88,6.71,13.49,4.01,3.95,4.78
2018-06-04,5.91,8.07,3.98,18.47,3.87,6.75,13.26,4.05,3.96,4.79
2018-06-05,5.89,8.26,4.01,18.69,3.85,6.82,13.42,4.07,4.01,4.81
2018-06-06,5.85,8.21,3.98,19.41,3.85,6.69,13.8,4.07,4.02,4.79
2018-06-07,5.91,8.0,3.94,18.93,3.92,6.7,13.59,4.06,3.97,4.75
2018-06-08,5.82,7.73,3.86,18.74,3.85,6.57,13.62,3.96,3.84,4.7
2018-06-11,5.81,7.74,3.83,18.32,3.9,6.62,13.41,4.0,3.7,4.7
2018-06-12,5.8,7.87,3.85,18.63,3.89,6.51,13.43,4.01,3.69,4.74
2018-06-13,5.73,7.6,3.85,18.1,3.9,6.48,12.95,4.01,3.64,4.67
2018-06-14,5.71,7.7,3.86,17.77,4.06,6.54,12.64,4.0,3.65,4.61
2018-06-15,5.71,7.52,3.88,17.36,4.25,6.5,12.24,4.05,3.59,4.52
2018-06-19,5.53,6.78,3.96,15.63,3.96,5.85,11.02,3.79,3.45,4.07
2018-06-20,5.48,6.93,3.92,15.77,4.36,5.88,10.94,3.79,3.49,4.04
2018-06-21,5.44,6.77,3.83,14.62,4.42,5.86,10.86,3.78,3.45,3.91
2018-06-22,5.73,6.92,3.84,14.88,4.54,5.91,10.89,3.81,3.47,3.97
2018-06-25,5.6,6.94,3.82,14.96,4.38,5.78,10.74,3.77,3.44,3.93
2018-06-26,5.53,7.0,3.82,15.07,4.28,6.01,10.77,3.7,3.45,3.96
2018-06-27,5.45,6.89,3.84,14.99,4.13,5.97,10.57,3.64,3.45,3.91
2018-06-28,5.4,6.83,3.72,14.65,4.04,5.95,10.27,3.6,3.45,3.88
2018-06-29,5.71,7.04,3.77,15.06,4.11,6.09,10.61,3.67,3.5,3.97
2018-07-02,5.46,6.86,3.71,15.55,3.94,5.85,10.57,3.56,3.46,3.96
2018-07-03,5.49,6.99,3.73,15.49,3.92,6.06,10.74,3.58,3.46,4.0
2018-07-04,5.41,6.8,3.73,14.92,4.0,5.83,10.55,3.56,3.44,3.95
2018-07-05,5.29,6.54,3.74,13.97,3.84,5.53,9.86,3.46,3.43,3.8
2018-07-06,5.57,6.72,3.73,14.09,3.87,5.56,9.94,3.43,3.42,3.83
2018-07-09,5.38,6.87,3.76,14.64,3.96,5.72,10.32,3.53,3.42,3.96
2018-07-10,5.31,6.97,3.77,15.04,4.01,5.78,11.35,3.56,3.45,3.96
2018-07-11,5.3,7.14,3.67,14.5,3.9,5.66,11.89,3.47,3.36,3.87
2018-07-12,5.34,7.23,3.77,14.78,3.98,5.81,11.89,3.56,3.4,3.98
2018-07-13,5.31,7.22,3.73,14.79,3.99,5.84,11.62,3.66,3.38,4.08
2018-07-16,5.22,7.1,3.71,14.89,3.99,5.78,11.34,3.58,3.35,4.06
2018-07-17,5.18,7.14,3.71,14.66,3.94,5.7,11.42,3.59,3.35,4.1
2018-07-18,5.19,7.23,3.71,14.59,3.91,5.71,11.26,3.56,3.35,4.1
2018-07-19,5.18,7.34,3.68,14.23,3.95,5.9,11.29,3.54,3.28,4.05
2018-07-20,5.2,7.51,3.71,14.74,3.97,5.93,11.4,3.6,3.33,4.08
2018-07-23,5.19,7.62,3.74,14.79,4.08,6.34,12.32,3.67,3.34,4.04
2018-07-24,5.27,7.57,3.84,14.84,4.18,6.54,12.71,3.73,3.41,4.12
2018-07-25,5.25,7.64,3.81,14.86,4.32,6.41,12.59,3.75,3.4,4.1
2018-07-26,5.25,7.56,3.88,15.47,4.3,6.42,12.44,3.73,3.49,4.13
2018-07-27,5.21,7.64,3.81,14.9,4.37,6.3,12.86,3.76,3.53,4.1
2018-07-30,5.15,7.54,3.78,14.99,4.38,6.4,12.78,3.74,3.48,4.0
2018-07-31,5.19,7.61,3.79,15.02,4.39,6.35,12.51,3.75,3.58,4.05
2018-08-01,5.06,7.45,3.71,14.55,4.3,6.29,12.92,3.64,3.46,3.99
2018-08-02,4.97,7.54,3.62,13.91,4.28,6.24,14.21,3.55,3.41,3.85
2018-08-03,4.9,7.55,3.58,13.69,4.18,5.99,13.51,3.56,3.47,3.92
2018-08-06,4.9,7.04,3.55,12.87,4.19,6.05,13.79,3.54,3.37,3.8
2018-08-07,4.94,7.53,3.63,13.52,4.31,6.36,14.12,3.6,3.4,3.87
2018-08-08,4.85,7.43,3.63,14.04,4.31,6.4,14.17,3.58,3.34,3.85
2018-08-09,4.9,7.58,3.65,14.5,4.33,6.51,14.19,3.65,3.38,3.91
2018-08-10,4.9,7.69,3.65,14.5,4.29,6.45,14.06,3.7,3.36,3.91
2018-08-13,4.9,7.79,3.63,14.31,4.34,6.41,13.89,3.69,3.4,3.88
2018-08-14,4.89,7.65,3.62,14.55,4.26,6.44,13.9,3.68,3.4,3.92
2018-08-15,4.87,7.45,3.61,14.07,4.12,6.16,13.37,3.61,3.32,3.83
2018-08-16,4.8,7.38,3.55,13.65,4.02,6.28,12.61,3.6,3.33,3.82
2018-08-17,4.8,7.2,3.5,13.45,4.05,5.94,12.35,3.58,3.3,3.79
2018-08-20,4.81,7.2,3.5,13.51,4.14,5.99,12.36,3.56,3.24,3.79
2018-08-21,4.8,7.25,3.52,13.68,4.14,6.19,13.1,3.65,3.23,3.83
2018-08-22,4.73,7.11,3.47,13.57,4.18,6.02,12.85,3.63,3.17,3.83
2018-08-23,4.73,7.22,3.47,13.61,4.14,6.07,12.92,3.67,3.13,3.83
2018-08-24,4.73,7.23,3.46,13.52,4.2,6.02,13.48,3.75,3.16,3.83
2018-08-27,4.74,7.35,3.54,13.68,4.26,6.24,13.84,3.82,3.18,3.89
2018-08-28,4.73,7.37,3.52,13.63,4.27,6.29,13.76,3.81,3.17,3.9
2018-08-29,4.66,7.26,3.55,13.45,4.32,6.3,14.08,3.83,3.13,3.87
2018-08-30,4.66,7.25,3.48,13.29,4.22,6.24,13.68,3.79,3.19,3.83
2018-08-31,4.66,7.16,3.53,13.39,4.23,6.18,13.75,3.81,3.14,3.8
2018-09-03,4.79,7.15,3.48,13.16,4.28,6.09,13.87,3.78,3.14,3.76
2018-09-04,4.94,7.23,3.5,13.2,4.3,6.11,13.83,3.83,3.17,3.78
2018-09-05,4.9,7.07,3.46,12.88,4.19,5.87,13.12,3.81,3.18,3.75
2018-09-06,4.89,7.07,3.46,14.17,4.2,5.73,12.9,3.74,3.18,3.73
2018-09-07,4.87,7.15,3.47,15.59,4.24,5.78,13.24,3.8,3.19,3.74
2018-09-10,4.89,6.91,3.43,17.14,4.23,5.63,13.03,3.81,3.12,3.73
2018-09-11,5.07,6.91,3.43,16.54,4.09,5.57,12.71,3.78,3.12,3.74
2018-09-12,4.98,6.82,3.43,15.9,4.11,5.57,12.74,3.8,3.13,3.74
2018-09-13,5.02,6.91,3.45,17.5,4.15,5.67,12.81,3.81,3.13,3.76
2018-09-14,5.07,6.82,3.46,17.22,4.21,5.57,12.51,3.77,3.1,3.74
2018-09-17,5.12,6.73,3.36,17.68,4.09,5.44,12.07,3.75,3.1,3.74
2018-09-18,5.07,6.88,3.38,17.43,4.17,5.68,13.08,3.78,3.11,3.78
2018-09-19,5.23,6.93,3.41,17.68,4.17,5.67,12.98,3.91,3.09,3.81
2018-09-20,5.14,6.89,3.38,17.23,4.22,5.68,13.02,3.88,3.1,3.81
2018-09-21,5.15,7.02,3.46,16.79,4.3,5.78,13.08,3.94,3.12,3.85
2018-09-25,5.1,6.95,3.42,16.91,4.3,5.7,13.03,3.86,3.12,3.88
2018-09-26,5.02,6.98,3.42,17.28,4.28,5.76,13.05,3.84,3.1,3.88
2018-09-27,4.84,6.92,3.37,16.4,4.32,5.66,12.66,3.82,3.1,3.87
2018-09-28,4.74,7.05,3.38,16.46,4.35,5.74,13.31,3.81,3.1,3.9
2018-10-08,4.64,6.86,3.31,18.11,4.21,5.55,13.65,3.64,3.09,3.83
2018-10-09,4.55,6.92,3.3,18.16,4.25,5.57,13.52,3.62,3.08,3.87
2018-10-10,4.42,6.92,3.32,19.06,4.29,5.67,13.67,3.6,3.09,3.86
2018-10-11,4.08,6.22,2.99,19.12,4.0,5.15,13.49,3.29,2.97,3.56
2018-10-12,4.08,6.3,2.86,18.55,4.08,5.15,13.03,3.33,2.82,3.49
2018-10-15,3.92,6.38,2.78,18.5,4.01,5.0,12.43,3.27,2.9,3.38
2018-10-16,3.82,6.24,2.73,19.34,3.89,4.83,12.13,3.18,2.83,3.35
2018-10-17,3.82,6.25,2.76,18.79,3.93,4.98,12.33,3.28,2.76,3.38
2018-10-18,3.7,6.09,2.7,17.22,3.81,4.9,11.33,3.2,2.53,3.32
2018-10-19,3.68,6.23,2.75,17.22,3.87,5.05,11.51,3.3,2.55,3.43
2018-10-22,3.79,6.5,2.88,18.02,4.02,5.26,12.07,3.45,2.63,3.56
2018-10-23,3.7,6.4,2.83,17.56,3.95,5.15,11.84,3.42,2.58,3.5
2018-10-24,3.76,6.46,2.84,17.46,3.98,5.17,11.87,3.44,2.55,3.51
2018-10-25,3.73,6.42,2.84,16.68,4.03,5.14,11.66,3.55,2.51,3.49
2018-10-26,3.93,6.51,2.85,16.85,4.11,5.15,11.6,3.62,2.63,3.52
2018-10-29,3.83,6.52,2.83,16.66,4.13,5.05,11.42,3.58,2.57,3.52
2018-10-30,3.77,6.75,2.85,16.37,4.11,5.09,11.51,3.62,2.61,3.43
2018-10-31,3.78,6.78,2.88,16.99,4.1,5.21,11.8,3.59,2.7,3.46
2018-11-01,3.75,6.75,2.88,16.9,4.06,5.24,11.8,3.59,2.63,3.47
2018-11-02,3.82,6.94,2.96,17.19,4.1,5.38,12.07,3.64,2.67,3.54
2018-11-05,3.9,7.05,3.02,18.61,4.05,5.33,12.05,3.6,2.67,3.56
2018-11-06,4.08,6.97,3.02,18.08,4.06,5.29,12.43,3.65,2.61,3.55
2018-11-07,3.94,7.01,2.99,17.85,4.03,5.25,12.06,3.61,2.59,3.53
2018-11-08,3.94,6.92,2.96,17.31,3.99,5.19,11.85,3.59,2.59,3.51
2018-11-09,3.9,6.97,2.94,16.94,3.91,5.15,11.6,3.54,2.54,3.56
2018-11-12,3.99,7.08,3.04,17.17,3.95,5.27,11.79,3.65,2.63,3.64
2018-11-13,4.12,7.13,3.14,17.24,3.98,5.36,11.88,3.69,2.89,4.0
2018-11-14,4.19,7.09,3.13,17.11,4.03,5.32,11.86,3.69,2.83,3.94
2018-11-15,4.19,7.13,3.15,18.27,4.04,5.41,12.0,3.71,2.83,3.98
2018-11-16,4.24,7.1,3.15,17.82,4.04,5.4,12.02,3.81,2.81,3.97
2018-11-19,4.25,7.2,3.46,17.94,4.12,5.57,12.5,3.85,2.8,3.94
2018-11-20,4.08,6.9,3.33,17.36,4.04,5.35,11.98,3.69,2.74,3.88
2018-11-21,4.11,6.98,3.31,17.23,4.04,5.36,12.01,3.72,2.79,3.88
2018-11-22,4.11,6.97,3.24,17.39,3.99,5.36,11.9,3.71,2.74,3.93
2018-11-23,3.83,6.62,3.13,16.7,3.87,5.17,11.49,3.57,2.54,3.76
2018-11-26,3.73,6.61,3.19,16.54,3.85,5.15,11.56,3.5,2.51,3.72
2018-11-27,3.84,6.54,3.15,16.62,3.81,5.13,11.57,3.55,2.52,3.79
2018-11-28,3.99,6.67,3.16,16.68,3.8,5.21,11.72,3.59,2.55,3.83
2018-11-29,4.05,6.66,3.08,16.29,3.76,5.09,11.27,3.51,2.49,3.75
2018-11-30,3.97,6.72,3.08,16.24,3.77,5.12,11.3,3.53,2.51,3.78
2018-12-03,4.03,6.87,3.17,16.54,3.87,5.27,11.54,3.59,2.56,3.86
2018-12-04,4.01,6.97,3.26,17.51,3.91,5.33,11.62,3.62,2.57,3.87
2018-12-05,3.97,6.88,3.3,17.05,3.86,5.29,11.48,3.59,2.55,3.8
2018-12-06,3.92,6.74,3.21,17.02,3.78,5.21,11.41,3.53,2.51,3.74
2018-12-07,3.92,6.77,3.35,16.94,3.9,5.28,11.54,3.52,2.51,3.67
2018-12-10,3.85,6.7,3.25,17.12,3.83,5.22,11.36,3.47,2.49,3.57
2018-12-11,3.85,6.86,3.21,16.92,3.84,5.23,11.24,3.5,2.5,3.59
2018-12-12,3.85,6.82,3.22,16.78,3.83,5.22,11.32,3.54,2.5,3.63
2018-12-13,3.89,6.89,3.26,17.07,3.84,5.42,11.65,3.59,2.51,3.76
2018-12-14,3.78,6.81,3.26,16.8,3.78,5.28,11.32,3.53,2.49,3.85
2018-12-17,3.79,7.02,3.32,16.42,3.78,5.38,11.44,3.5,2.47,3.96
2018-12-18,3.83,6.85,3.21,16.34,3.8,5.25,11.25,3.47,2.47,3.99
2018-12-19,3.8,6.82,3.13,16.1,3.77,5.2,11.01,3.45,2.44,3.95
2018-12-20,3.74,6.77,3.13,16.15,3.74,5.16,11.01,3.45,2.44,3.92
2018-12-21,3.8,6.65,3.13,16.14,3.72,5.2,10.57,3.41,2.44,3.95
2018-12-24,3.8,6.65,3.14,16.46,3.77,5.21,10.47,3.43,2.44,4.0
2018-12-25,3.75,6.43,3.06,16.03,3.69,5.08,10.13,3.37,2.38,3.99
2018-12-26,3.75,6.38,3.09,15.86,3.75,5.03,9.12,3.34,2.38,4.0
2018-12-27,3.7,6.32,3.05,15.47,3.76,4.98,8.66,3.34,2.34,3.83
2018-12-28,3.62,6.38,3.06,14.94,3.73,4.99,8.71,3.35,2.35,3.95
2019-01-02,3.63,6.36,3.06,14.55,3.78,4.96,8.71,3.33,2.31,3.71
2019-01-03,3.6,6.27,3.01,14.64,3.81,4.98,8.54,3.34,2.23,3.76
2019-01-04,3.64,6.39,3.06,14.62,3.85,5.07,8.74,3.41,2.25,3.8
2019-01-07,3.67,6.46,3.12,14.66,3.88,5.14,8.82,3.44,2.29,3.83
2019-01-08,3.66,6.45,3.08,16.12,3.85,5.15,9.62,3.43,2.31,3.85
2019-01-09,3.68,6.46,3.07,15.87,3.86,5.13,9.59,3.44,2.32,3.82
2019-01-10,3.67,6.44,3.13,15.57,3.87,5.09,9.39,3.43,2.29,3.81
2019-01-11,3.71,6.47,3.13,15.29,3.89,5.2,9.42,3.44,2.39,3.8
2019-01-14,3.7,6.37,3.13,15.37,3.93,5.15,9.25,3.44,2.37,3.81
2019-01-15,3.76,6.45,3.17,15.49,3.94,5.25,9.33,3.47,2.38,3.81
2019-01-16,3.79,6.45,3.17,15.18,3.93,5.18,9.23,3.45,2.36,3.81
2019-01-17,3.74,6.39,3.11,14.97,3.94,5.11,9.06,3.45,2.38,3.77
2019-01-18,3.78,6.52,3.13,14.98,4.0,5.21,9.37,3.48,2.42,3.8
2019-01-21,3.78,6.62,3.13,15.01,4.0,5.28,9.3,3.46,2.4,3.83
2019-01-22,3.68,6.59,3.07,14.79,3.91,5.23,9.2,3.44,2.34,3.78
2019-01-23,3.7,6.81,3.05,14.83,3.95,5.19,9.18,3.44,2.36,3.74
2019-01-24,3.74,6.81,3.05,14.89,3.95,5.22,9.15,3.47,2.36,3.75
2019-01-25,3.65,6.91,3.07,14.76,3.94,5.23,9.15,3.47,2.32,3.73
2019-01-28,3.6,6.92,3.05,14.6,3.92,5.25,9.2,3.46,2.28,3.69
2019-01-29,3.55,6.87,3.01,14.16,3.9,5.15,9.12,3.44,2.13,3.62
2019-01-30,3.51,6.8,2.99,13.97,3.91,5.12,8.98,3.46,2.11,3.6
2019-01-31,3.43,6.84,2.96,13.16,3.82,5.1,8.67,3.49,2.08,3.62
2019-02-01,3.54,6.94,3.03,13.55,3.94,5.23,8.99,3.53,2.13,3.69
2019-02-11,3.58,7.13,3.07,14.02,3.98,5.35,9.33,3.57,2.18,3.75
2019-02-12,3.6,7.13,3.11,14.04,3.99,5.4,9.41,3.6,2.24,3.82
2019-02-13,3.68,7.21,3.15,14.13,4.05,5.48,9.6,3.66,2.27,3.84
2019-02-14,3.73,7.11,3.17,14.27,4.06,5.48,9.57,3.64,2.29,3.84
2019-02-15,3.71,7.01,3.15,14.09,4.02,5.41,9.66,3.61,2.28,3.83
2019-02-18,3.79,7.27,3.25,14.35,4.09,5.57,9.92,3.69,2.36,3.92
2019-02-19,3.79,7.15,3.24,14.4,4.08,5.53,9.85,3.66,2.38,3.89
2019-02-20,3.88,7.2,3.24,14.47,4.07,5.54,10.01,3.67,2.4,3.88
2019-02-21,3.94,7.05,3.23,14.61,4.05,5.67,9.99,3.64,2.36,3.9
2019-02-22,4.01,7.19,3.27,14.93,4.07,5.78,10.08,3.68,2.48,3.92
2019-02-25,4.33,7.51,3.5,15.28,4.23,6.14,10.6,3.88,2.59,4.08
2019-02-26,4.26,7.48,3.53,15.23,4.38,6.22,10.77,3.86,2.85,4.16
2019-02-27,4.34,7.43,3.57,14.8,4.28,6.12,10.78,3.91,2.98,4.13
2019-02-28,4.52,7.51,3.57,15.05,4.29,6.2,11.03,3.92,2.84,4.16
2019-03-01,4.98,7.49,3.59,15.47,4.32,6.29,11.69,3.92,2.8,4.15
2019-03-04,5.48,7.55,3.66,15.7,4.35,6.32,11.85,3.98,2.82,4.26
2019-03-05,6.02,7.73,3.69,15.64,4.37,6.35,11.93,4.04,3.01,4.42
2019-03-06,6.4,7.73,3.78,15.93,4.54,6.34,11.97,4.08,3.04,4.86
2019-03-07,6.22,7.73,3.78,17.53,4.53,6.45,11.78,4.08,3.19,5.25
2019-03-08,5.6,7.24,3.5,16.3,4.25,6.09,10.93,3.86,2.87,4.74
2019-03-11,5.73,7.97,3.85,16.15,4.35,6.26,12.02,4.06,2.99,4.86
2019-03-12,6.14,7.96,3.78,16.04,4.39,6.31,11.94,4.06,3.0,4.81
2019-03-13,6.38,8.15,3.76,15.42,4.33,6.14,11.8,4.05,3.08,4.76
2019-03-14,6.28,7.95,3.63,15.7,4.3,6.16,12.12,3.94,2.86,4.5
2019-03-15,6.56,8.04,3.65,15.61,4.33,6.4,12.19,4.12,2.9,4.57
2019-03-18,6.85,8.32,3.71,15.79,4.49,7.04,13.41,4.27,2.95,4.79
2019-03-19,6.9,8.23,3.71,16.61,4.45,7.12,14.04,4.2,3.09,4.72
2019-03-20,6.75,8.1,3.71,16.1,4.5,7.43,15.45,4.3,3.08,5.1
2019-03-21,6.76,8.14,3.79,15.93,4.49,7.28,15.81,4.37,3.14,5.3
2019-03-22,6.79,8.44,3.82,15.76,4.47,7.14,16.07,4.43,3.24,5.22
2019-03-25,6.68,8.2,3.71,15.37,4.39,7.09,14.61,4.73,3.31,5.17
2019-03-26,6.48,7.94,3.59,14.84,4.3,6.92,15.05,4.65,3.2,5.42
2019-03-27,6.69,8.37,3.64,14.74,4.36,7.01,15.16,4.67,3.13,5.96
2019-03-28,6.75,8.04,3.6,14.78,4.3,6.76,14.29,4.51,3.44,6.37
2019-03-29,7.15,8.29,3.72,15.06,4.39,7.02,14.42,4.66,3.53,6.24
2019-04-01,7.07,8.68,3.8,15.41,4.47,7.43,15.08,4.82,3.69,6.42
2019-04-02,7.13,8.66,3.81,15.37,4.49,7.55,14.93,4.85,3.56,6.09
2019-04-03,7.18,8.64,3.91,15.47,4.58,7.65,15.31,4.94,3.54,6.12
2019-04-04,7.34,9.08,3.9,15.43,4.54,7.68,15.4,5.16,3.48,6.18
2019-04-08,7.78,9.75,3.83,15.12,4.74,7.62,15.77,5.16,3.39,6.65
2019-04-09,8.23,9.2,3.87,15.18,4.62,7.76,16.3,5.13,3.4,6.31
2019-04-10,8.24,9.17,3.81,14.91,4.56,7.97,15.43,5.06,3.36,6.25
2019-04-11,8.89,8.86,3.79,14.59,4.47,7.61,14.91,4.99,3.38,6.13
2019-04-12,8.82,8.86,3.79,14.7,4.46,7.98,14.68,4.96,3.31,5.84
2019-04-15,8.75,8.67,3.74,14.64,4.41,7.73,14.57,4.9,3.23,5.83
2019-04-16,9.39,8.79,3.79,15.12,4.5,7.84,14.94,4.97,3.22,5.92
2019-04-17,9.54,8.84,3.81,15.21,4.55,7.68,14.86,4.9,3.23,6.08
2019-04-18,9.54,8.9,3.83,14.79,4.49,7.84,15.77,4.88,3.24,5.86
2019-04-19,9.47,9.12,3.83,14.76,4.59,7.91,15.99,4.86,3.23,5.82
2019-04-22,9.47,8.87,3.8,14.67,4.53,7.55,15.51,4.66,3.17,5.61
2019-04-23,9.91,8.74,3.68,14.89,4.52,7.15,14.81,4.65,3.12,5.31
2019-04-24,8.92,8.84,3.72,14.84,4.53,7.28,14.83,4.67,3.16,5.84
2019-04-25,8.03,8.54,3.59,14.11,4.54,6.88,13.36,4.49,3.0,5.46
2019-04-26,7.22,7.99,3.6,13.88,4.19,6.82,13.05,4.53,2.92,5.3
2019-04-29,6.5,7.76,3.48,13.24,3.99,6.64,12.2,4.47,2.79,4.77
2019-04-30,6.61,7.75,3.49,13.38,3.95,6.63,12.3,4.52,2.88,4.77
2019-05-06,6.38,7.05,3.26,12.11,3.79,5.97,11.07,4.24,2.6,4.44
2019-05-07,7.01,7.06,3.23,12.25,3.78,6.06,11.09,4.23,2.65,4.64
2019-05-08,7.36,7.06,3.16,12.19,3.73,6.0,11.1,4.17,2.68,4.7
2019-05-09,6.92,6.99,3.07,12.14,3.65,5.97,11.0,4.1,2.71,4.54
2019-05-10,7.03,7.23,3.14,12.39,3.72,6.15,11.41,4.23,2.77,4.65
2019-05-13,6.84,7.03,3.1,13.63,3.63,6.14,11.62,4.13,2.74,4.5
2019-05-14,6.83,7.03,3.12,13.28,3.59,6.14,11.31,4.15,2.73,4.43
2019-05-15,6.93,7.16,3.19,13.34,3.62,6.24,11.56,4.19,2.84,4.61
2019-05-16,7.05,7.25,3.2,13.28,3.67,6.37,11.97,4.21,2.86,4.58
2019-05-17,6.83,6.83,3.11,12.62,3.56,6.05,11.17,4.12,2.71,4.27
2019-05-20,6.78,6.93,3.13,12.44,3.5,6.08,11.23,4.08,2.64,4.34
2019-05-21,6.8,7.03,3.17,12.7,3.57,6.19,11.53,4.13,2.67,4.38
2019-05-22,6.79,6.99,3.15,12.59,3.55,6.1,11.24,4.15,2.62,4.26
2019-05-23,6.75,6.87,3.08,12.54,3.49,5.98,11.28,4.16,2.51,4.2
2019-05-24,7.0,6.91,3.1,12.92,3.51,5.98,11.09,4.13,2.52,4.14
2019-05-27,7.14,7.14,3.16,13.1,3.57,6.11,11.29,4.17,2.59,4.23
2019-05-28,7.24,7.07,3.14,13.07,3.57,6.08,11.18,4.18,2.85,4.28
2019-05-29,7.27,7.12,3.17,13.72,3.55,6.11,11.18,4.15,3.14,4.21
2019-05-30,7.13,7.13,3.14,13.99,3.53,6.07,10.97,4.12,3.45,4.19
2019-05-31,7.13,7.04,3.12,13.63,3.55,5.99,10.97,4.07,3.38,4.12
2019-06-03,7.53,7.1,3.14,13.31,3.52,5.93,10.85,3.99,3.72,3.94
2019-06-04,7.37,7.08,3.12,13.04,3.46,5.88,10.49,3.93,3.44,3.98
2019-06-05,7.46,6.96,3.12,13.07,3.48,5.88,10.43,4.0,3.32,3.96
2019-06-06,7.3,6.74,3.04,13.18,3.48,5.8,9.95,3.99,2.99,3.77
2019-06-10,7.06,6.78,3.03,12.88,3.48,5.88,10.25,4.06,2.94,3.78
2019-06-11,7.16,7.02,3.12,13.13,3.57,6.24,11.18,4.16,3.15,3.97
2019-06-12,6.96,7.05,3.11,13.09,3.53,6.28,11.06,4.12,3.15,3.92
2019-06-13,6.96,7.08,3.1,13.1,3.54,6.24,11.11,4.12,3.15,3.95
2019-06-14,6.67,6.94,3.02,12.68,3.46,6.07,11.06,4.09,3.24,3.84
2019-06-17,6.55,6.97,3.02,12.75,3.53,6.11,10.94,4.11,3.05,3.91
2019-06-18,6.55,6.97,3.01,12.7,3.52,6.11,10.96,4.07,2.93,3.84
2019-06-19,6.51,7.02,3.07,12.79,3.54,6.16,11.01,4.13,2.95,3.93
2019-06-20,6.52,7.15,3.28,13.13,3.58,6.31,11.2,4.2,2.96,4.06
2019-06-21,6.45,7.19,3.31,13.12,3.62,6.31,11.29,4.25,2.99,4.07
2019-06-24,6.36,7.15,3.29,12.99,3.64,6.28,11.1,4.25,2.94,4.05
2019-06-25,6.32,7.1,3.24,13.23,3.6,6.14,10.91,4.19,2.87,3.98
2019-06-26,6.33,7.08,3.22,13.26,3.56,6.13,10.86,4.16,2.83,4.03
2019-06-27,6.3,7.12,3.24,13.11,3.57,6.15,10.9,4.17,2.82,4.2
2019-06-28,6.26,6.98,3.22,12.97,3.52,6.1,11.05,4.11,2.75,4.14
2019-07-01,6.33,7.4,3.31,13.22,3.59,6.3,11.29,4.19,2.84,4.22
2019-07-02,6.48,7.41,3.27,13.17,3.57,6.26,11.21,4.22,2.8,4.31
2019-07-03,6.81,7.54,3.6,13.03,3.56,6.26,11.04,4.19,2.85,4.18
2019-07-04,6.82,7.51,3.58,13.02,3.54,6.3,11.05,4.29,2.79,4.11
2019-07-05,6.89,7.53,3.5,12.94,3.55,6.27,11.06,4.16,2.77,4.11
2019-07-08,6.81,7.24,3.33,12.63,3.44,6.06,10.52,4.07,2.65,3.95
2019-07-09,6.75,7.76,3.32,12.76,3.42,6.02,10.43,4.08,2.66,3.95
2019-07-10,6.77,7.6,3.33,12.52,3.39,5.95,10.23,3.97,2.63,3.91
2019-07-11,6.76,7.82,3.32,12.55,3.4,5.96,10.31,3.9,2.64,3.88
2019-07-12,6.75,8.04,3.35,12.54,3.41,6.07,10.7,3.92,2.64,3.92
2019-07-15,6.97,8.02,3.36,12.59,3.42,6.15,10.89,3.94,2.67,3.92
2019-07-16,7.36,8.13,3.35,12.59,3.44,6.15,11.14,3.98,2.72,3.95
2019-07-17,7.74,8.25,3.3,12.53,3.44,6.13,11.18,3.93,2.69,3.92
2019-07-18,7.8,7.95,3.32,12.7,3.41,6.03,10.98,3.89,2.7,3.86
2019-07-19,7.96,7.85,3.33,12.51,3.42,6.08,10.98,3.94,2.74,3.88
2019-07-22,8.01,7.39,3.18,12.12,3.38,5.96,10.72,3.89,2.58,3.78
2019-07-23,8.06,7.45,3.2,12.2,3.46,5.98,11.02,3.9,2.59,3.83
2019-07-24,7.81,7.59,3.22,12.28,3.41,6.02,11.16,3.9,2.59,3.84
2019-07-25,7.47,7.47,3.2,12.33,3.39,6.03,11.16,3.88,2.59,3.85
2019-07-26,7.45,7.47,3.21,12.21,3.41,6.06,11.45,3.85,2.6,3.92
2019-07-29,7.57,7.46,3.2,12.22,3.46,6.0,11.64,3.77,2.58,3.89
2019-07-30,7.61,7.71,3.21,12.22,3.45,6.06,11.67,3.78,2.61,3.88
2019-07-31,7.62,7.59,3.16,12.16,3.49,5.99,11.35,3.73,2.57,3.87
2019-08-01,7.46,7.82,3.12,12.07,3.45,5.93,11.14,3.66,2.51,3.83
2019-08-02,7.27,7.86,3.12,11.72,3.43,5.74,10.71,3.59,2.48,3.78
2019-08-05,6.95,7.75,3.1,11.57,3.4,5.58,10.69,3.53,2.45,3.7
2019-08-06,6.87,7.33,3.02,10.85,3.35,5.45,10.34,3.46,2.32,3.52
2019-08-07,6.97,7.25,3.01,10.96,3.37,5.39,10.31,3.48,2.29,3.49
2019-08-08,7.01,7.21,3.0,11.23,3.36,5.43,10.37,3.5,2.31,3.53
2019-08-09,6.96,6.97,2.98,10.97,3.32,5.36,10.18,3.51,2.39,3.5
2019-08-12,6.98,7.05,3.01,11.05,3.35,5.45,10.4,3.55,2.37,3.7
2019-08-13,6.95,7.12,2.99,10.98,3.33,5.4,10.26,3.5,2.3,3.63
2019-08-14,7.35,7.05,3.0,11.01,3.34,5.42,10.26,3.49,2.32,3.7
2019-08-15,7.44,7.02,2.99,11.09,3.35,5.43,10.55,3.5,2.29,4.02
2019-08-16,7.45,7.0,2.98,11.07,3.33,5.44,10.67,3.5,2.34,3.95
2019-08-19,7.48,7.17,3.05,11.26,3.39,5.62,10.88,3.61,2.39,3.97
2019-08-20,7.41,7.09,3.05,11.31,3.47,5.6,10.78,3.66,2.37,4.37
2019-08-21,7.3,7.16,3.09,11.59,3.42,5.66,10.88,3.69,2.37,4.39
2019-08-22,7.13,7.1,3.07,11.48,3.41,5.67,10.88,3.69,2.37,4.18
2019-08-23,7.08,7.11,3.08,11.62,3.4,5.65,10.71,3.77,2.35,4.19
2019-08-26,6.87,6.98,3.02,11.44,3.37,5.6,10.7,3.78,2.3,4.15
2019-08-27,7.01,7.04,3.08,11.92,3.41,5.71,10.83,3.86,2.37,4.24
2019-08-28,6.98,7.05,3.11,11.77,3.48,5.69,10.73,3.91,2.43,4.13
2019-08-29,6.96,7.19,3.09,11.76,3.43,5.65,10.58,3.85,2.37,4.07
2019-08-30,7.11,7.04,3.06,11.53,3.44,5.59,10.35,3.8,2.31,3.98
2019-09-02,7.25,7.18,3.12,11.82,3.48,5.74,10.54,3.91,2.38,4.03
2019-09-03,7.35,7.17,3.16,11.88,3.46,5.76,11.1,3.9,2.37,4.03
2019-09-04,7.42,7.29,3.2,12.01,3.48,5.94,11.93,4.0,2.39,4.06
2019-09-05,7.66,7.34,3.2,13.21,3.5,5.93,11.71,4.0,2.4,4.08
2019-09-06,7.75,7.47,3.22,13.56,3.51,5.95,11.5,4.03,2.41,4.11
2019-09-09,7.92,7.51,3.23,13.34,3.53,6.01,11.58,4.1,2.45,4.13
2019-09-10,7.66,7.47,3.22,13.65,3.53,5.96,11.72,4.04,2.44,4.21
2019-09-11,7.56,7.35,3.23,13.71,3.49,5.98,11.61,4.03,2.45,4.17
2019-09-12,7.7,7.39,3.22,13.46,3.52,6.05,11.88,4.07,2.44,4.18
2019-09-16,8.0,7.34,3.23,13.79,3.52,6.01,11.77,4.12,2.45,4.14
2019-09-17,7.93,7.13,3.16,15.17,3.46,5.86,11.3,4.04,2.38,4.04
2019-09-18,7.94,7.13,3.13,14.52,3.44,5.83,11.54,4.18,2.62,4.09
2019-09-19,7.95,7.27,3.17,14.2,3.44,5.87,11.7,4.21,2.62,4.07
2019-09-20,7.9,7.25,3.14,14.13,3.45,5.9,11.79,4.21,2.53,4.09
2019-09-23,7.86,7.12,3.11,14.4,3.4,5.81,11.47,4.18,2.45,4.02
2019-09-24,7.95,7.08,3.12,14.15,3.39,5.79,11.31,4.2,2.46,3.99
2019-09-25,8.19,6.99,3.12,14.26,3.36,5.69,11.13,4.21,2.41,3.86
2019-09-26,8.03,6.92,3.07,14.5,3.36,5.61,11.24,4.1,2.34,3.86
2019-09-27,7.78,6.94,3.07,14.07,3.36,5.62,11.07,4.12,2.35,3.84
2019-09-30,7.33,6.94,3.03,13.8,3.34,5.56,10.93,4.0,2.31,3.82
2019-10-08,7.3,6.97,3.07,14.53,3.34,5.63,11.29,4.06,2.28,3.83
2019-10-09,7.15,7.01,3.09,14.5,3.44,5.69,11.28,4.26,2.3,3.86
2019-10-10,7.12,7.04,3.12,15.17,3.4,5.74,11.26,4.26,2.34,3.88
2019-10-11,7.08,7.02,3.16,15.38,3.46,5.76,11.37,4.24,2.33,3.9
2019-10-14,7.05,7.07,3.16,16.04,3.44,5.85,11.47,4.21,2.36,3.94
2019-10-15,7.03,6.94,3.13,15.84,3.43,5.91,11.81,4.2,2.33,3.89
2019-10-16,7.01,6.92,3.15,15.38,3.41,5.88,11.75,4.17,2.31,3.87
2019-10-17,6.84,6.91,3.17,15.51,3.4,5.88,11.91,4.12,2.33,3.83
2019-10-18,6.9,6.79,3.12,15.33,3.35,5.81,11.5,4.01,2.28,3.83
2019-10-21,6.77,6.83,3.1,14.27,3.36,5.82,11.22,4.15,2.26,3.78
2019-10-22,6.84,6.84,3.13,14.41,3.39,5.82,11.29,4.12,2.3,3.81
2019-10-23,6.72,6.74,3.1,14.08,3.36,5.75,11.41,4.05,2.26,3.82
2019-10-24,6.66,6.72,3.12,15.49,3.38,5.67,11.22,4.13,2.28,3.78
2019-10-25,6.7,6.81,3.13,15.51,3.39,5.72,11.28,4.19,2.35,3.8
2019-10-28,6.68,7.09,3.15,15.78,3.39,5.8,11.33,4.13,2.36,3.85
2019-10-29,6.6,7.0,3.12,15.88,3.36,5.79,11.38,4.05,2.3,3.85
2019-10-30,6.63,6.95,3.07,15.78,3.34,5.66,11.17,3.87,2.28,3.83
2019-10-31,6.62,6.86,3.03,16.37,3.37,5.66,10.86,3.82,2.27,3.77
2019-11-01,6.63,6.85,3.05,16.16,3.5,5.76,10.93,3.83,2.28,3.86
2019-11-04,6.65,6.83,3.06,16.82,3.41,5.87,11.08,3.82,2.28,3.94
2019-11-05,6.63,6.84,3.06,16.63,3.39,5.91,11.22,3.82,2.26,3.9
2019-11-06,6.59,6.84,3.03,16.07,3.37,5.86,11.09,3.76,2.24,3.85
2019-11-07,6.88,6.86,3.03,16.07,3.4,5.85,11.33,3.74,2.26,3.88
2019-11-08,6.87,6.88,3.03,16.1,3.39,5.83,11.15,3.72,2.25,3.86
2019-11-11,6.7,6.7,2.97,15.75,3.34,5.73,10.67,3.64,2.17,3.75
2019-11-12,6.76,6.65,2.96,15.82,3.34,5.79,10.88,3.64,2.19,3.76
2019-11-13,6.64,6.65,2.91,15.5,3.34,5.73,10.68,3.59,2.17,3.8
2019-11-14,6.61,6.6,2.94,15.66,3.34,5.8,10.96,3.57,2.16,3.79
2019-11-15,6.37,6.51,2.91,14.89,3.35,5.69,10.73,3.55,2.13,3.73
2019-11-18,6.07,6.71,2.91,15.21,3.38,5.68,10.74,3.57,2.13,3.78
2019-11-19,6.17,6.7,2.97,15.26,3.39,5.79,11.02,3.63,2.17,3.8
2019-11-20,6.15,6.67,2.94,15.4,3.39,5.7,10.87,3.62,2.15,3.76
2019-11-21,6.11,6.64,2.96,15.11,3.44,5.69,10.87,3.61,2.17,3.78
2019-11-22,6.13,6.55,2.96,14.68,3.51,5.7,10.77,3.61,2.17,3.75
2019-11-25,6.19,6.66,2.99,15.24,3.71,5.96,11.36,3.72,2.18,3.73
2019-11-26,6.13,6.52,2.98,15.02,3.5,5.89,11.12,3.68,2.16,3.71
2019-11-27,6.33,6.54,2.98,14.85,3.5,5.87,11.09,3.67,2.14,3.7
2019-11-28,6.3,6.45,2.98,15.15,3.43,5.91,11.12,3.67,2.14,3.72
2019-11-29,6.24,6.46,3.0,15.19,3.45,5.9,11.0,3.68,2.15,3.74
2019-12-02,6.33,6.47,2.98,15.01,3.46,5.93,11.0,3.71,2.15,3.7
2019-12-03,6.32,6.49,2.98,15.12,3.43,6.02,10.97,3.75,2.15,3.66
2019-12-04,6.23,6.52,2.97,15.81,3.41,5.95,10.87,3.75,2.15,3.64
2019-12-05,6.16,6.56,2.99,15.66,3.42,5.97,10.96,3.72,2.16,3.65
2019-12-06,6.27,6.83,3.0,15.52,3.42,5.95,11.0,3.72,2.16,3.64
2019-12-09,6.2,6.8,2.99,15.54,3.49,6.06,11.11,3.78,2.17,3.63
2019-12-10,6.13,6.74,2.99,15.42,3.47,6.05,11.06,3.93,2.17,3.65
2019-12-11,6.08,6.67,2.98,15.18,3.51,6.11,11.09,3.92,2.15,3.63
2019-12-12,6.04,6.75,2.97,15.03,3.47,6.18,11.02,3.86,2.13,3.58
2019-12-13,6.11,6.78,3.02,15.06,3.5,6.22,11.16,3.9,2.16,3.55
2019-12-16,6.12,6.78,3.02,15.24,3.5,6.25,11.18,3.92,2.2,3.58
2019-12-17,6.17,6.87,3.03,15.41,3.54,6.3,11.32,4.03,2.26,3.72
2019-12-18,6.18,6.85,3.02,15.34,3.52,6.25,11.25,3.99,2.24,3.7
2019-12-19,6.16,6.88,3.03,15.87,3.54,6.31,11.38,4.0,2.28,3.76
2019-12-20,6.06,6.76,3.02,15.47,3.49,6.27,11.3,4.02,2.26,3.72
2019-12-23,5.93,6.62,2.94,15.1,3.44,6.12,11.1,3.81,2.19,3.65
2019-12-24,5.87,6.79,2.96,15.15,3.45,6.21,11.14,3.89,2.25,3.65
2019-12-25,5.65,6.91,2.95,15.22,3.44,6.16,11.12,4.03,2.22,3.71
2019-12-26,5.67,7.18,2.97,15.1,3.45,6.36,10.83,4.26,2.44,3.7
2019-12-27,5.67,7.05,2.97,15.04,3.47,6.31,10.74,4.25,2.36,3.67
2019-12-30,5.71,7.16,2.99,14.71,3.51,6.55,11.0,4.33,2.43,3.68
2019-12-31,5.82,7.15,3.01,14.71,3.53,6.61,11.2,4.26,2.39,3.79
2020-01-02,6.04,7.2,3.04,14.87,3.55,6.63,11.68,4.25,2.63,3.8
2020-01-03,6.01,7.14,3.06,14.93,3.54,6.63,11.72,4.22,2.57,3.78
2020-01-06,6.05,7.09,3.04,15.34,3.52,6.56,11.65,4.17,2.54,3.76
2020-01-07,6.1,7.12,3.07,15.12,3.57,6.61,11.92,4.19,2.59,3.8
2020-01-08,6.01,6.91,3.02,15.13,3.51,6.42,11.7,4.09,2.47,3.73
2020-01-09,6.61,7.04,3.05,15.02,3.52,6.49,11.66,4.18,2.52,3.78
2020-01-10,6.33,6.96,3.03,14.86,3.49,6.55,11.93,4.19,2.52,3.8
2020-01-13,6.22,7.09,3.04,14.88,3.51,6.58,11.8,4.13,2.52,3.81
2020-01-14,6.16,7.01,3.1,14.9,3.52,6.55,11.71,4.13,2.47,3.81
2020-01-15,6.18,6.92,3.02,14.72,3.47,6.5,11.51,4.05,2.48,3.76
2020-01-16,6.07,6.96,3.02,14.52,3.45,6.47,11.48,4.04,2.43,3.74
2020-01-17,6.1,7.14,3.02,14.55,3.44,6.43,11.44,4.0,2.36,3.74
2020-01-20,6.22,6.95,3.05,14.42,3.46,6.58,11.49,4.04,2.37,3.91
2020-01-21,6.18,6.92,3.0,14.12,3.41,6.35,11.01,3.97,2.31,4.23
2020-01-22,6.38,7.14,3.04,13.96,3.42,6.31,11.06,3.99,2.31,3.96
2020-01-23,6.18,6.84,2.99,13.81,3.35,6.05,10.79,3.87,2.22,4.05
2020-02-03,5.57,6.16,2.69,12.43,3.02,5.44,9.71,3.49,2.0,4.46
2020-02-04,5.74,6.26,2.71,11.75,3.0,5.4,9.29,3.61,1.93,4.91
2020-02-05,5.81,6.48,2.74,11.86,3.04,5.43,9.35,3.65,2.02,5.4
2020-02-06,5.83,6.78,2.84,11.97,3.04,5.51,9.5,3.73,2.12,5.94
2020-02-07,5.77,6.66,2.96,12.2,3.16,5.5,9.47,3.71,2.1,6.06
2020-02-10,6.35,6.6,2.96,12.31,3.23,5.72,10.07,3.75,2.13,5.45
2020-02-11,6.54,6.45,2.91,12.48,3.33,5.66,9.98,3.8,2.11,4.91
2020-02-12,6.66,6.52,2.94,12.55,3.26,5.7,10.07,3.85,2.32,5.06
2020-02-13,6.53,6.42,2.96,12.41,3.24,5.63,10.21,3.85,2.34,4.71
2020-02-14,6.66,6.5,2.93,12.45,3.23,5.63,10.26,3.96,2.24,4.63
2020-02-17,6.72,6.66,2.98,12.64,3.26,5.8,10.44,3.98,2.27,4.66
2020-02-18,6.63,6.88,2.97,12.83,3.25,5.79,10.39,3.93,2.29,4.75
2020-02-19,6.7,7.57,2.96,12.66,3.16,5.76,10.44,3.93,2.23,4.53
2020-02-20,6.72,7.39,2.99,12.82,3.19,5.88,10.52,3.94,2.26,4.43
2020-02-21,6.73,7.81,3.01,12.93,3.17,5.87,10.71,3.92,2.32,4.53
2020-02-24,6.61,8.58,3.12,12.82,3.11,5.84,11.09,3.88,2.48,4.58
2020-02-25,6.68,9.44,3.06,12.44,3.04,5.67,10.77,3.84,2.73,5.04
2020-02-26,6.72,8.74,3.06,12.45,3.09,5.89,11.02,3.88,3.0,4.76
2020-02-27,6.47,8.34,3.12,12.38,3.08,5.96,11.18,3.87,2.91,4.59
2020-02-28,6.2,8.1,3.01,11.6,3.0,5.79,10.73,3.8,3.2,4.56
2020-03-02,6.56,8.3,3.11,12.08,3.11,6.32,11.81,3.93,3.52,4.63
2020-03-03,6.45,8.56,3.13,12.18,3.11,6.27,11.73,3.97,3.87,4.66
2020-03-04,6.51,8.13,3.12,12.57,3.14,6.4,11.9,4.07,4.26,4.55
2020-03-05,6.52,8.36,3.15,12.64,3.19,6.39,11.9,4.07,4.69,4.55
2020-03-06,6.53,8.1,3.08,12.94,3.13,6.21,11.49,4.06,5.16,4.56
2020-03-09,6.37,7.45,3.0,12.22,3.05,5.94,10.86,3.95,5.57,4.73
2020-03-10,6.42,7.7,3.01,12.26,3.09,6.02,11.09,4.02,5.01,4.54
2020-03-11,6.36,7.44,3.03,12.22,3.06,5.89,11.0,3.99,4.56,4.45
2020-03-12,6.24,7.45,3.0,11.9,3.05,5.77,10.66,3.95,4.1,4.32
2020-03-13,6.37,7.28,2.93,11.58,3.04,5.65,10.36,3.92,3.7,4.19
2020-03-16,6.33,7.38,2.84,11.63,2.98,5.5,9.96,3.88,4.07,4.25
2020-03-17,6.35,7.73,2.82,12.0,2.99,5.56,9.98,3.78,4.09,4.09
2020-03-18,6.32,7.47,2.8,11.65,2.96,5.48,9.78,3.67,4.24,4.0
2020-03-19,6.33,7.74,2.78,11.26,2.94,5.56,9.89,3.61,3.97,3.92
2020-03-20,6.34,7.87,2.79,11.36,2.97,5.65,10.26,3.61,3.84,4.03
2020-03-23,6.42,7.08,2.71,10.72,2.9,5.56,10.0,3.53,3.46,4.15
2020-03-24,6.43,7.11,2.75,10.77,2.95,5.72,10.2,3.66,3.18,4.11
2020-03-25,6.87,7.17,2.8,10.98,2.98,5.78,10.37,3.75,3.5,4.22
2020-03-26,6.82,6.97,2.76,10.83,2.94,5.71,10.1,3.75,3.41,4.18
2020-03-27,6.59,6.91,2.79,10.76,2.96,5.79,10.16,3.85,3.45,4.1
2020-03-30,6.71,6.65,2.76,10.64,2.94,5.73,9.99,3.9,3.55,4.0
2020-03-31,6.98,6.66,2.76,10.75,2.94,5.73,9.95,3.86,3.33,4.03
2020-04-01,7.31,6.73,2.76,10.63,2.93,5.71,9.98,3.89,3.23,3.93
2020-04-02,7.22,6.94,2.8,10.82,2.96,5.74,10.06,3.93,3.55,3.96
2020-04-03,7.35,6.77,2.82,10.78,2.94,5.59,9.94,3.92,3.91,3.97
2020-04-07,7.66,6.96,2.85,11.07,2.96,5.75,10.28,3.95,4.3,4.08
2020-04-08,7.45,6.91,2.86,11.07,2.96,5.71,10.22,3.9,4.5,4.1
2020-04-09,7.84,6.93,2.87,11.05,2.96,5.73,10.2,3.92,4.22,4.16
2020-04-10,7.71,6.69,2.84,10.77,2.94,5.63,9.97,3.93,4.24,4.13
2020-04-13,7.57,6.67,2.84,10.82,2.92,5.59,10.23,3.96,3.98,4.2
2020-04-14,8.01,6.99,2.92,10.95,2.94,5.65,10.32,3.99,3.99,4.17
2020-04-15,7.75,6.9,2.91,10.86,2.93,5.6,10.07,3.97,4.07,4.29
2020-04-16,7.74,6.82,2.95,10.86,2.92,5.58,10.06,3.98,3.86,4.2
2020-04-17,7.54,6.84,2.93,10.81,2.94,5.67,10.15,3.99,3.72,4.12
2020-04-20,7.45,6.82,2.96,10.84,2.93,5.76,10.23,3.97,3.8,4.15
2020-04-21,7.35,6.81,2.96,10.68,2.91,5.77,10.45,3.91,3.73,4.11
2020-04-22,7.35,6.85,2.95,10.76,2.91,5.74,10.28,3.86,3.7,4.07
2020-04-23,7.16,6.7,2.96,10.81,2.92,5.65,10.09,3.85,3.79,4.16
2020-04-24,7.88,6.6,2.93,10.49,2.91,5.6,10.05,3.81,3.48,4.03
2020-04-27,7.75,6.5,2.94,10.16,2.89,5.57,9.84,3.82,3.39,3.97
2020-04-28,7.52,6.17,2.95,9.66,2.84,5.45,9.38,3.81,3.15,3.7
2020-04-29,7.33,6.08,2.96,9.59,2.85,5.46,9.45,3.85,3.09,3.62
2020-04-30,8.07,6.32,3.01,9.75,2.9,5.54,9.6,3.93,3.1,3.66
2020-05-06,7.84,6.59,3.12,10.02,2.9,5.56,9.78,3.91,3.15,3.72
2020-05-07,7.68,6.48,3.12,10.14,2.89,5.52,9.76,3.94,3.21,3.69
2020-05-08,7.9,6.59,3.12,10.14,2.92,5.57,9.77,3.99,3.17,3.7
2020-05-11,8.36,6.57,3.02,10.17,2.93,5.63,10.1,4.01,3.17,3.72
2020-05-12,8.13,6.7,2.99,10.29,2.93,5.58,9.94,3.98,3.19,3.7
2020-05-13,8.05,6.59,3.0,10.19,2.92,5.58,9.86,3.96,3.34,3.68
2020-05-14,7.86,6.43,3.0,10.15,2.88,5.58,9.7,3.99,3.14,3.64
2020-05-15,7.95,6.65,3.01,10.06,2.88,5.58,9.65,4.03,3.11,3.61
2020-05-18,7.64,6.83,3.0,10.12,2.9,5.53,10.62,4.05,2.99,3.57
2020-05-19,7.58,6.93,2.99,10.09,2.92,5.53,11.05,3.96,2.92,3.59
2020-05-20,7.8,6.78,3.0,10.15,2.91,5.47,11.84,3.99,2.96,3.54
2020-05-21,7.45,6.65,2.88,9.86,3.04,5.4,11.19,4.05,2.79,3.48
2020-05-22,7.34,6.49,2.84,10.03,2.94,5.33,10.86,4.01,2.76,3.44
2020-05-25,7.15,6.47,2.87,10.13,2.93,5.34,10.11,4.0,2.76,3.47
2020-05-26,7.06,6.55,2.84,10.1,2.93,5.37,10.37,4.05,2.82,3.49
2020-05-27,6.9,6.44,2.82,9.89,2.98,5.33,10.04,4.1,2.74,3.44
2020-05-28,6.21,6.36,2.8,10.01,3.0,5.37,9.91,4.07,2.66,3.42
2020-05-29,6.22,6.45,2.81,9.93,3.0,5.34,9.89,4.06,2.68,3.45
2020-06-01,6.37,6.66,2.85,10.19,3.05,5.41,10.19,4.12,2.84,3.49
2020-06-02,6.27,6.78,2.86,10.38,3.07,5.45,10.07,4.21,2.8,3.5
2020-06-03,6.08,6.68,2.88,10.26,3.05,5.49,9.95,4.19,3.08,3.54
2020-06-04,5.99,6.67,2.89,10.15,3.06,5.48,10.01,4.2,2.93,3.47
2020-06-05,5.96,6.6,2.9,10.06,3.07,5.5,10.08,4.26,2.79,3.48
2020-06-08,5.99,6.61,2.87,10.02,3.38,5.53,10.03,4.18,2.74,3.5
2020-06-09,5.98,6.6,2.85,10.0,3.37,5.52,10.11,4.17,2.78,3.54
2020-06-10,6.0,6.5,2.83,9.95,3.66,5.49,10.06,4.14,2.71,3.51
2020-06-11,6.0,6.52,2.87,9.88,3.72,5.41,9.86,4.04,2.71,3.45
2020-06-12,6.02,6.46,2.84,9.88,4.09,5.4,9.74,3.99,2.79,3.46
2020-06-15,6.01,6.41,2.83,9.84,4.32,5.4,9.66,4.0,3.07,3.64
2020-06-16,6.05,6.51,2.86,9.91,4.75,5.43,9.85,4.06,2.98,3.57
2020-06-17,6.04,6.49,2.87,9.9,4.99,5.43,9.86,4.03,3.05,3.68
2020-06-18,6.02,6.73,2.88,9.99,4.87,5.46,9.84,4.08,2.95,3.63
2020-06-19,6.01,6.7,2.88,10.01,4.52,5.49,9.86,4.1,2.9,3.56
2020-06-22,5.98,6.77,2.86,9.93,4.49,5.45,9.81,4.09,2.91,3.48
2020-06-23,5.97,6.74,2.83,9.83,4.57,5.38,9.67,4.05,2.95,3.41
2020-06-24,5.88,6.85,2.82,9.81,4.29,5.35,9.7,4.12,2.9,3.33
2020-06-29,5.86,6.77,2.82,9.72,4.28,5.26,9.53,4.06,2.83,3.07
2020-06-30,5.92,6.89,2.82,9.84,4.3,5.28,9.6,4.23,2.81,3.08
2020-07-01,5.98,6.82,2.82,9.85,4.46,5.39,9.79,4.28,2.78,3.17
2020-07-02,6.09,7.0,2.87,10.0,4.69,5.51,9.88,4.49,2.83,3.21
2020-07-03,6.13,7.14,2.92,10.16,4.86,5.59,10.0,4.48,2.86,3.29
2020-07-06,6.38,7.54,3.06,10.61,4.94,5.9,10.32,4.77,2.96,3.43
2020-07-07,6.29,7.44,3.02,10.5,5.06,5.83,10.29,4.72,3.03,3.47
2020-07-08,6.27,7.66,3.1,10.88,5.08,5.94,10.74,4.78,3.16,3.51
2020-07-09,6.39,7.74,3.17,11.97,5.05,6.05,10.95,4.8,3.45,3.62
2020-07-10,6.4,7.6,3.13,12.08,5.06,5.88,10.61,4.76,3.34,3.53
2020-07-13,6.45,8.1,3.22,12.21,5.57,6.04,11.13,4.8,3.38,3.68
2020-07-14,6.39,7.89,3.16,12.22,5.02,5.99,11.04,4.73,3.28,3.63
2020-07-15,6.26,7.6,3.08,11.72,4.55,5.82,10.63,4.66,3.14,3.53
2020-07-16,6.25,7.21,3.09,11.04,4.44,5.67,10.19,4.43,2.9,3.4
2020-07-17,6.22,7.1,3.17,11.2,4.48,5.7,10.32,4.38,2.92,3.34
2020-07-20,6.24,7.45,3.32,11.48,4.62,6.08,10.89,4.59,3.0,3.44
2020-07-21,6.2,7.46,3.22,11.27,4.6,6.06,10.76,4.66,2.98,3.48
2020-07-22,6.22,7.43,3.18,11.27,4.56,6.03,10.69,4.6,2.94,3.44
2020-07-23,6.06,7.32,3.13,11.17,4.47,5.99,10.48,4.51,2.88,3.45
2020-07-24,5.9,7.08,3.04,11.28,4.27,5.72,10.12,4.38,2.76,3.31
2020-07-27,6.01,7.0,3.02,11.07,4.35,5.9,10.14,4.3,2.78,3.33
2020-07-28,6.0,7.03,3.05,11.09,4.34,5.83,10.25,4.32,2.89,3.34
2020-07-29,6.0,7.19,3.09,11.31,4.39,5.89,10.32,4.38,2.9,3.43
2020-07-30,5.95,7.17,3.08,11.15,4.38,5.99,10.38,4.34,2.83,3.5
2020-07-31,5.91,7.44,3.09,11.13,4.38,5.98,10.47,4.36,2.9,3.53
2020-08-03,6.05,7.5,3.19,11.45,4.43,6.1,10.75,4.46,2.97,3.62
2020-08-04,6.07,7.39,3.21,11.56,4.39,6.08,11.0,4.51,2.9,3.57
2020-08-05,6.02,7.44,3.17,11.5,4.44,6.02,10.92,4.44,2.93,3.66
2020-08-06,5.98,7.32,3.15,11.36,4.67,6.03,10.85,4.45,2.87,3.6
2020-08-07,5.94,7.11,3.1,11.19,4.45,6.0,10.99,4.43,2.8,3.96
2020-08-10,5.94,7.21,3.14,11.78,4.45,6.6,11.03,4.46,2.81,4.06
2020-08-11,5.9,7.07,3.1,11.33,4.34,6.45,10.54,4.36,2.77,3.8
2020-08-12,5.82,7.05,3.09,11.47,4.26,6.65,10.56,4.39,2.74,3.73
2020-08-13,5.79,7.17,3.2,11.67,4.31,6.44,10.48,4.41,2.78,3.65
2020-08-14,5.89,7.18,3.18,11.72,4.35,6.27,10.58,4.52,2.78,3.64
2020-08-17,5.92,7.3,3.23,11.76,4.45,6.36,10.85,4.54,2.81,3.69
2020-08-18,6.0,7.35,3.21,12.06,4.51,6.29,10.98,4.54,2.88,3.74
2020-08-19,5.98,7.3,3.23,11.88,4.44,6.24,10.92,4.52,2.81,3.8
2020-08-20,5.93,7.49,3.17,11.76,4.37,6.25,11.67,4.59,2.77,3.69
2020-08-21,5.94,7.14,3.18,11.82,4.81,6.42,11.9,5.05,2.79,3.69
2020-08-24,5.97,7.18,3.2,11.65,5.2,6.39,11.73,5.56,2.77,3.63
2020-08-25,6.0,7.13,3.19,11.45,5.15,6.27,11.36,6.12,2.73,3.56
2020-08-26,5.9,7.01,3.25,11.23,5.05,6.13,11.13,6.73,2.67,3.41
2020-08-27,5.84,7.04,3.2,11.33,5.25,6.29,11.13,7.1,2.68,3.45
2020-08-28,5.87,7.09,3.17,11.6,5.28,6.29,11.25,6.4,2.67,3.5
2020-08-31,5.85,7.0,3.2,11.55,5.27,6.22,11.11,6.58,2.67,3.47
2020-09-01,5.81,6.98,3.18,11.7,5.4,6.26,10.87,6.82,2.66,3.45
2020-09-02,5.9,7.05,3.2,11.66,5.35,6.25,11.03,6.75,2.64,3.54
2020-09-03,5.94,7.02,3.21,11.51,4.82,6.11,10.8,6.44,2.7,3.52
2020-09-04,6.0,6.94,3.16,11.67,4.73,6.07,10.82,6.28,2.75,3.5
2020-09-07,5.99,6.8,3.09,11.41,4.53,6.06,10.61,6.51,2.73,3.45
2020-09-08,5.99,6.82,3.14,11.47,4.52,6.12,10.81,6.27,2.96,3.54
2020-09-09,5.92,6.71,3.16,11.27,4.46,6.1,10.64,5.9,2.94,3.56
2020-09-10,5.93,6.56,3.11,11.32,4.33,6.02,10.74,6.49,2.7,3.45
2020-09-11,5.95,6.57,3.1,11.45,4.33,6.05,11.0,6.47,2.69,3.46
2020-09-14,5.9,6.56,3.07,11.54,4.33,6.06,10.96,6.34,2.72,3.44
2020-09-15,5.93,6.63,3.04,11.62,4.33,6.02,11.34,6.44,2.83,3.42
2020-09-16,6.12,6.65,2.93,11.5,4.33,6.07,11.3,6.72,2.74,3.43
2020-09-17,5.96,6.79,2.91,11.34,4.33,6.35,10.98,6.44,2.71,3.43
2020-09-18,5.99,6.83,2.95,11.45,4.33,6.86,11.36,6.84,2.74,3.45
2020-09-21,5.92,6.83,2.95,11.4,4.33,6.99,11.38,6.67,2.74,3.48
2020-09-22,5.81,6.83,2.95,11.19,4.33,6.88,11.4,6.56,2.79,3.46
2020-09-23,5.87,6.83,2.95,11.06,4.33,6.94,11.34,6.51,2.72,3.53
2020-09-24,5.83,6.83,2.95,11.32,4.33,6.77,11.13,6.31,2.63,3.44
2020-09-25,5.83,6.83,2.95,11.34,4.21,6.77,10.22,6.27,2.64,3.39
2020-09-28,5.75,6.83,2.95,11.12,3.79,7.0,9.78,6.07,2.56,3.37
2020-09-29,5.78,6.83,2.94,11.14,3.74,7.04,9.78,6.3,2.56,3.37
2020-09-30,5.77,6.83,2.9,11.07,3.65,7.04,9.6,6.16,2.53,3.38
2020-10-09,5.8,6.83,2.93,11.45,3.94,7.05,9.82,6.2,2.6,3.47
2020-10-12,5.84,6.83,2.99,11.81,3.95,7.08,10.02,6.38,2.68,3.53
2020-10-13,5.81,7.04,3.02,11.87,3.91,7.55,9.93,6.36,2.66,3.54
2020-10-14,5.76,7.11,2.99,12.1,3.82,7.34,9.75,6.21,2.65,3.47
2020-10-15,5.79,6.98,2.98,12.16,3.81,7.51,9.78,6.25,2.66,3.45
2020-10-16,5.79,6.83,2.96,12.49,3.8,7.54,9.81,6.27,2.62,3.48
2020-10-19,5.77,6.82,2.91,12.08,3.76,7.54,9.77,6.34,2.62,3.4
2020-10-20,5.76,6.82,2.96,12.09,3.73,7.54,9.78,6.53,2.62,3.4
2020-10-21,5.72,6.92,2.96,12.36,3.68,7.54,9.72,6.19,2.56,3.41
2020-10-22,5.72,6.85,2.98,12.14,3.74,7.54,9.67,6.13,2.55,3.38
2020-10-23,5.71,6.79,2.97,11.81,3.72,7.54,9.63,6.14,2.52,3.37
2020-10-26,5.6,6.73,2.99,11.63,3.75,7.54,9.54,6.11,2.53,3.39
2020-10-27,5.42,6.78,2.96,11.39,3.75,7.54,9.54,6.0,2.47,3.4
2020-10-28,5.25,6.8,2.96,11.55,3.74,7.54,9.43,6.01,2.39,3.36
2020-10-29,5.26,6.78,2.95,11.37,3.75,7.54,9.44,5.91,2.36,3.33
2020-10-30,5.26,6.67,2.91,11.06,3.67,7.54,9.11,5.79,2.26,3.28
2020-11-02,5.27,6.66,2.94,10.87,3.64,6.79,9.07,5.87,2.3,3.23
2020-11-03,5.25,6.82,3.01,11.41,3.79,6.87,9.31,5.97,2.32,3.33
2020-11-04,5.23,6.83,3.01,11.61,3.78,6.57,9.37,5.98,2.28,3.31
2020-11-05,5.23,6.87,3.02,11.41,3.85,6.78,9.43,6.07,2.31,3.34
2020-11-06,5.19,6.88,3.02,11.6,3.86,6.74,9.43,6.01,2.29,3.32
2020-11-09,5.16,6.85,3.03,11.55,3.92,6.72,9.55,6.0,2.38,3.34
2020-11-10,5.07,7.03,3.03,11.85,3.89,6.9,9.48,6.18,2.36,3.3
2020-11-11,4.96,6.99,3.03,12.15,3.99,7.25,9.64,6.21,2.3,3.29
