date,600094.XSHG,600160.XSHG,600008.XSHG,600903.XSHG,000959.XSHE,600970.XSHG,002302.XSHE,600823.XSHG,002503.XSHE,600664.XSHG
2015-01-05,8.02,6.66,12.09,,4.31,13.8,15.4,15.38,18.9,8.68
2015-01-06,7.94,6.95,13.3,,4.25,13.38,15.09,14.72,18.64,8.68
2015-01-07,8.73,6.99,12.76,,4.27,13.25,15.07,14.75,19.3,8.68
2015-01-08,9.0,6.94,12.65,,4.19,12.72,14.65,14.07,21.23,8.68
2015-01-09,8.92,6.92,12.23,,4.16,12.59,14.5,14.13,20.56,8.68
2015-01-12,8.76,6.88,11.71,,3.92,12.25,14.25,13.99,20.0,8.68
2015-01-13,8.91,7.16,11.65,,3.9,12.26,14.49,14.01,21.0,8.68
2015-01-14,8.95,7.08,11.52,,3.84,12.28,14.13,14.34,20.91,8.68
2015-01-15,9.63,7.15,11.83,,3.96,12.6,14.4,14.83,20.78,8.68
2015-01-16,9.51,7.1,12.41,,3.97,12.61,14.48,14.57,21.12,8.68
2015-01-19,8.99,6.39,11.17,,3.6,11.35,13.61,13.11,21.35,8.68
2015-01-20,9.35,6.61,11.43,,3.72,11.63,14.21,13.46,22.08,8.68
2015-01-21,9.81,6.78,11.83,,3.95,12.1,14.42,14.12,23.0,8.68
2015-01-22,9.82,6.95,12.25,,3.95,12.1,14.52,14.37,22.62,8.68
2015-01-23,9.75,6.92,11.95,,3.94,12.1,14.36,14.59,22.59,8.68
2015-01-26,9.78,7.15,12.19,,4.07,12.1,14.55,14.73,22.39,8.68
2015-01-27,9.64,7.45,12.32,,4.06,12.1,14.67,14.12,22.58,8.68
2015-01-28,9.8,7.28,12.05,,3.97,12.1,15.15,14.05,22.43,8.68
2015-01-29,9.67,7.21,11.55,,3.95,12.35,14.82,13.75,22.42,8.68
2015-01-30,9.4,7.08,11.7,,3.92,11.76,14.27,14.09,22.2,8.68
2015-02-02,9.21,7.27,11.2,,3.81,11.16,14.29,14.22,22.3,8.68
2015-02-03,9.44,7.28,11.3,,3.84,11.35,14.43,14.58,23.0,8.68
2015-02-04,9.27,7.24,11.18,,4.11,11.33,14.15,14.79,23.45,8.68
2015-02-05,9.29,7.01,11.08,,3.9,11.14,13.96,14.39,23.34,8.68
2015-02-06,9.05,6.81,10.85,,3.87,10.82,13.8,13.85,22.3,8.68
2015-02-09,9.14,6.81,10.5,,3.86,10.94,13.91,13.94,21.8,8.68
2015-02-10,9.19,6.86,10.81,,3.88,11.36,14.06,13.96,21.86,8.68
2015-02-11,8.89,6.78,10.79,,3.86,11.29,13.95,13.92,21.99,8.68
2015-02-12,9.16,6.77,10.92,,3.87,11.41,14.16,14.37,21.68,8.68
2015-02-13,9.56,6.93,11.47,,3.96,11.56,14.33,14.45,22.08,8.68
2015-02-16,9.95,7.04,11.71,,4.0,11.72,14.5,14.45,22.2,8.68
2015-02-17,10.54,7.25,11.67,,4.05,11.76,14.47,15.9,22.02,9.12
2015-02-25,11.59,7.41,12.37,,4.06,12.25,14.49,16.32,21.98,9.78
2015-02-26,11.91,7.41,12.5,,4.09,13.24,14.91,16.43,22.27,9.68
2015-02-27,12.58,7.47,12.48,,4.1,13.28,15.03,16.45,23.3,9.74
2015-03-02,12.4,7.62,12.84,,4.18,13.32,15.17,16.46,23.3,9.99
2015-03-03,12.15,7.35,13.24,,4.06,12.84,15.01,15.69,23.3,9.56
2015-03-04,12.21,8.08,12.92,,4.07,12.94,15.48,15.68,23.3,9.93
2015-03-05,12.33,7.96,12.76,,4.03,12.78,15.44,16.0,23.3,9.94
2015-03-06,11.98,7.9,12.15,,4.18,12.78,15.41,15.61,23.3,10.04
2015-03-09,12.0,7.93,12.27,,4.35,13.28,15.82,15.94,23.3,9.86
2015-03-10,12.0,7.96,12.2,,4.27,13.13,15.8,15.68,23.3,9.79
2015-03-11,11.93,7.82,12.21,,4.27,12.85,15.89,15.66,25.63,9.44
2015-03-12,12.0,7.87,12.24,,4.34,12.82,15.75,15.88,26.74,9.39
2015-03-13,12.12,7.86,12.49,,4.34,12.99,15.87,15.99,26.07,9.45
2015-03-16,12.42,8.12,12.73,,4.37,13.35,16.36,16.3,26.29,9.59
2015-03-17,12.39,8.12,12.76,,4.43,14.52,16.7,16.24,26.06,9.88
2015-03-18,12.37,8.23,13.07,,4.71,14.65,16.73,16.55,25.66,10.02
2015-03-19,12.21,8.29,12.94,,4.69,15.39,16.87,16.48,25.55,9.87
2015-03-20,12.44,8.24,13.45,,4.63,15.32,16.76,17.24,26.03,10.0
2015-03-23,13.05,8.5,14.8,,4.9,16.52,16.87,17.71,26.0,10.11
2015-03-24,14.36,8.38,15.06,,5.02,16.19,16.43,17.6,25.2,9.92
2015-03-25,14.72,8.45,14.85,,4.86,15.5,16.7,18.62,25.0,10.09
2015-03-26,14.08,8.56,14.65,,4.84,15.5,16.45,18.32,25.19,10.08
2015-03-27,14.24,8.44,15.37,,4.8,16.18,16.61,19.25,25.53,10.44
2015-03-30,14.5,8.58,15.24,,4.87,16.88,18.27,20.44,25.75,10.41
2015-03-31,14.18,8.79,15.02,,4.98,16.26,19.12,19.83,25.01,10.29
2015-04-01,14.28,9.02,15.69,,4.99,16.36,21.03,19.97,25.35,10.49
2015-04-02,14.42,9.25,15.86,,5.09,16.28,23.13,20.01,27.35,10.41
2015-04-03,15.86,9.23,15.69,,5.6,15.99,23.79,19.72,27.35,10.37
2015-04-07,16.16,9.62,15.73,,5.58,16.63,24.47,20.12,27.4,10.93
2015-04-08,16.81,9.32,15.09,,5.47,16.31,23.39,20.15,28.3,10.83
2015-04-09,17.11,9.11,14.6,,5.49,15.55,23.46,21.02,26.97,11.24
2015-04-10,17.99,9.25,14.89,,5.55,15.76,23.31,20.8,27.35,11.31
2015-04-13,17.78,9.49,15.13,,5.56,16.09,23.63,21.52,29.44,11.79
2015-04-14,17.75,9.3,15.12,,5.66,16.43,25.99,20.84,31.0,11.52
2015-04-15,17.05,8.81,15.42,,5.46,17.03,26.55,19.93,28.68,10.91
2015-04-16,16.33,8.95,16.84,,5.47,16.94,25.5,20.21,30.0,11.11
2015-04-17,16.63,8.98,16.54,,5.56,17.51,26.83,20.53,30.21,11.0
2015-04-20,15.97,8.66,15.52,,5.49,18.09,27.91,19.69,28.5,10.5
2015-04-21,16.44,8.96,16.03,,5.79,17.88,27.91,20.33,29.37,10.85
2015-04-22,17.62,9.23,16.22,,6.15,18.4,27.91,20.81,29.69,11.13
2015-04-23,17.62,10.11,15.95,,6.15,18.2,27.91,20.63,29.11,11.06
2015-04-24,17.08,9.83,16.14,,6.15,17.47,27.91,20.03,28.69,10.96
2015-04-27,17.2,9.8,15.96,,6.15,18.39,27.91,20.23,28.81,11.1
2015-04-28,16.87,9.8,16.26,,6.15,17.58,27.91,21.25,27.98,10.63
2015-04-29,16.95,10.17,16.04,,6.15,17.71,27.91,22.34,28.55,10.92
2015-04-30,16.92,9.84,15.71,,6.15,17.77,27.91,22.18,28.69,10.69
2015-05-04,18.0,9.77,15.81,,6.15,17.77,27.91,21.97,28.89,10.76
2015-05-05,16.81,9.18,14.63,,6.15,17.77,27.91,20.49,27.69,10.3
2015-05-06,17.04,8.94,14.11,,6.15,17.77,27.91,19.76,26.67,10.38
2015-05-07,17.17,8.7,13.35,,6.15,17.77,27.91,19.76,26.7,10.01
2015-05-08,17.98,8.93,13.65,,6.15,17.77,27.91,20.18,28.04,10.27
2015-05-11,18.98,9.41,14.27,,6.15,17.77,27.91,20.61,28.86,10.57
2015-05-12,18.96,9.41,14.47,,6.15,17.77,27.91,20.54,28.37,10.61
2015-05-13,20.36,9.64,14.53,,6.15,17.77,27.91,21.05,28.32,10.97
2015-05-14,20.06,9.73,14.48,,6.15,17.77,27.91,20.92,29.33,10.99
2015-05-15,20.13,9.31,13.84,,6.15,17.77,27.91,19.85,14.23,10.75
2015-05-18,20.24,9.24,14.41,,6.15,17.77,27.91,19.85,13.67,11.41
2015-05-19,20.62,9.57,14.59,,6.15,17.77,27.91,20.62,14.21,11.56
2015-05-20,20.1,9.72,14.75,,6.15,17.77,27.91,20.97,15.63,11.35
2015-05-21,20.69,10.23,15.36,,6.15,17.77,27.91,21.79,16.72,11.59
2015-05-22,22.6,10.75,16.04,,6.15,17.77,27.91,22.3,16.3,11.85
2015-05-25,24.77,11.18,16.19,,6.15,17.77,27.91,22.97,16.57,12.54
2015-05-26,24.93,11.16,16.73,,6.15,17.77,27.91,23.23,18.23,12.6
2015-05-27,24.3,11.21,17.15,,6.15,17.77,27.91,22.59,19.8,12.82
2015-05-28,22.41,11.17,15.44,,6.15,17.77,27.91,20.41,18.02,11.78
2015-05-29,22.91,10.91,14.86,,6.15,17.77,27.91,21.3,18.0,12.21
2015-06-01,23.05,11.83,15.42,,6.15,19.5,27.91,23.43,18.95,12.94
2015-06-02,23.48,12.09,16.0,,6.15,21.45,27.91,25.61,20.85,13.74
2015-06-03,25.83,11.74,16.41,,6.15,21.11,27.91,26.84,21.47,13.41
2015-06-04,25.35,11.39,16.65,,6.15,20.15,27.91,17.07,21.31,13.3
2015-06-05,26.65,11.92,17.38,,6.15,21.37,30.59,17.2,21.77,13.58
2015-06-08,27.1,13.1,18.89,,6.15,20.51,29.9,16.8,20.31,13.56
2015-06-09,27.13,12.97,17.97,,6.15,19.93,27.5,16.94,18.72,13.29
2015-06-10,26.49,13.23,17.97,,6.15,20.22,27.73,17.45,19.13,13.35
2015-06-11,26.18,13.77,19.57,,6.15,20.79,27.76,17.65,18.98,14.69
2015-06-12,26.88,13.75,19.02,,6.15,21.13,27.12,17.73,20.55,15.57
2015-06-15,25.69,13.09,18.18,,6.15,21.85,26.17,16.76,20.99,16.76
2015-06-16,23.93,12.28,17.71,,6.15,20.09,24.61,16.42,20.45,16.42
2015-06-17,24.36,13.33,18.1,,6.15,20.15,25.05,16.6,21.95,16.88
2015-06-18,23.14,12.88,18.46,,6.15,19.76,25.3,15.97,21.3,15.94
2015-06-19,22.05,11.59,17.03,,6.15,17.78,23.1,14.37,21.05,14.35
2015-06-23,20.75,11.74,17.24,,6.15,17.72,22.81,14.24,23.05,14.09
2015-06-24,20.85,12.69,18.0,,6.15,18.39,23.48,14.54,24.0,14.51
2015-06-25,20.25,12.01,17.07,,6.15,16.9,23.6,13.61,24.09,13.71
2015-06-26,20.25,10.81,15.36,,6.15,15.21,21.24,12.66,21.68,12.34
2015-06-29,20.25,10.34,13.82,,6.15,13.69,19.12,12.25,19.51,11.11
2015-06-30,20.25,11.02,14.35,,6.15,14.62,20.31,13.03,18.88,12.04
2015-07-01,20.25,10.44,12.92,,6.15,13.5,18.28,12.19,18.84,11.4
2015-07-02,20.25,9.42,11.63,,6.15,12.15,16.45,10.98,18.84,11.28
2015-07-03,20.25,8.48,10.47,,6.15,11.09,16.2,10.01,18.84,11.1
2015-07-06,20.25,7.91,9.43,,6.15,10.86,16.57,11.01,18.84,11.19
2015-07-07,20.25,7.12,8.5,,6.15,9.77,14.91,11.03,18.84,10.07
2015-07-08,20.25,7.12,7.79,,6.15,8.79,14.7,11.21,18.84,9.23
2015-07-09,20.25,7.12,8.57,,6.15,9.67,16.17,12.33,18.84,10.15
2015-07-10,20.25,7.12,9.43,,6.15,10.64,17.79,13.56,18.84,11.17
2015-07-13,20.25,7.83,10.37,,6.15,11.7,19.57,14.36,18.84,11.17
2015-07-14,20.25,8.61,11.41,,6.15,12.65,18.5,13.09,18.84,11.17
2015-07-15,20.25,7.75,10.27,,6.15,11.39,16.65,11.78,18.84,11.17
2015-07-16,20.25,7.99,10.56,,6.15,11.99,17.34,12.4,18.84,11.17
2015-07-17,20.25,8.63,11.43,,6.15,12.81,18.39,12.94,18.84,11.17
2015-07-20,20.25,8.85,11.44,,6.15,12.91,18.5,12.8,18.84,11.17
2015-07-21,20.25,9.22,11.51,,6.15,13.28,19.06,12.71,18.84,12.29
2015-07-22,20.25,9.51,11.68,,6.15,13.67,19.97,12.82,18.84,13.04
2015-07-23,20.25,10.09,12.16,,6.15,13.8,20.12,13.17,18.84,13.25
2015-07-24,20.25,9.97,12.38,,6.15,13.38,18.87,12.65,18.84,12.99
2015-07-27,20.25,10.05,11.14,,6.15,12.04,16.98,11.39,18.84,11.69
2015-07-28,20.25,10.52,10.26,,6.15,11.23,16.39,11.37,18.84,11.89
2015-07-29,20.25,11.54,11.27,,6.15,12.12,17.83,11.81,18.84,12.33
2015-07-30,20.25,12.03,10.83,,6.15,11.99,17.03,11.3,18.84,11.56
2015-07-31,20.25,11.81,10.96,,6.15,12.05,16.87,11.21,18.84,11.81
2015-08-03,20.25,11.84,11.28,,6.15,11.74,17.11,11.65,18.84,12.14
2015-08-04,20.25,12.13,12.0,,6.15,12.72,18.82,12.07,18.84,12.53
2015-08-05,18.23,13.02,11.6,,6.15,12.9,19.0,11.68,18.84,12.12
2015-08-06,16.41,12.91,11.28,,6.15,12.48,18.79,11.38,18.84,11.88
2015-08-07,15.95,13.16,11.65,,6.15,12.86,19.3,11.69,18.84,12.25
2015-08-10,16.58,14.26,12.34,,6.15,14.15,20.17,12.28,18.84,13.48
2015-08-11,15.92,15.68,12.38,,6.15,14.61,19.76,12.48,18.84,14.38
2015-08-12,16.02,15.61,12.27,,6.15,16.07,19.17,12.29,18.84,13.51
2015-08-13,16.15,17.17,12.49,,6.15,16.84,20.33,12.79,18.84,13.58
2015-08-14,16.43,17.17,12.54,,6.15,17.97,20.78,12.79,18.84,13.54
2015-08-17,17.61,17.17,12.84,,6.15,18.55,22.86,13.04,20.41,13.56
2015-08-18,15.85,17.17,11.56,,6.15,16.7,22.01,11.74,18.37,12.65
2015-08-19,15.58,17.17,11.72,,6.15,16.45,24.21,11.98,19.3,13.42
2015-08-20,14.7,17.17,10.86,,6.15,16.45,23.48,11.52,18.61,12.75
2015-08-21,13.23,17.17,10.08,,6.15,16.45,21.5,11.84,16.75,12.54
2015-08-24,11.91,17.17,9.07,,6.15,16.45,19.35,10.66,15.08,11.29
2015-08-25,10.72,15.45,8.16,,6.15,16.45,17.42,9.59,13.57,10.16
2015-08-26,9.65,13.91,8.19,,6.15,16.45,15.68,9.34,12.21,9.54
2015-08-27,9.66,12.52,8.74,,6.15,16.45,15.28,9.75,12.0,9.96
2015-08-28,10.54,13.67,9.49,,6.15,16.01,16.81,10.38,12.7,10.67
2015-08-31,9.49,12.3,9.56,,6.15,14.41,17.1,9.96,11.43,10.85
2015-09-01,8.54,11.07,9.43,,6.15,12.97,15.39,9.73,10.29,9.89
2015-09-02,7.97,9.98,9.52,,6.15,11.67,13.88,10.31,10.08,10.88
2015-09-07,8.18,10.38,9.21,,6.15,10.84,14.21,10.15,10.19,10.67
2015-09-08,9.0,10.58,9.65,,5.53,11.06,15.63,10.5,10.58,10.9
2015-09-09,9.57,11.56,9.93,,4.98,11.5,16.5,10.73,10.92,10.77
2015-09-10,9.02,12.7,9.47,,4.48,11.29,16.46,10.34,10.31,10.55
2015-09-11,9.36,13.89,9.59,,4.27,11.41,17.8,10.83,11.34,10.68
2015-09-14,8.42,12.78,8.66,,3.95,10.29,16.02,10.26,11.3,10.03
2015-09-15,7.78,11.5,8.27,,3.86,9.26,15.4,9.48,10.17,9.86
2015-09-16,8.56,12.65,9.04,,4.12,10.06,16.94,10.22,10.96,10.68
2015-09-17,8.19,13.11,8.69,,3.85,9.59,16.45,9.87,10.45,10.11
2015-09-18,8.23,14.0,8.9,,3.9,9.77,16.43,9.94,10.45,10.14
2015-09-21,8.58,13.74,9.1,,3.94,10.22,17.02,10.2,10.72,10.34
2015-09-22,8.76,14.64,9.16,,3.99,11.24,17.22,10.28,11.79,10.56
2015-09-23,8.33,13.71,8.96,,3.83,10.86,17.01,9.93,11.21,10.25
2015-09-24,8.85,13.91,9.09,,3.89,11.03,17.16,10.06,11.58,10.4
2015-09-25,8.33,12.85,9.21,,3.87,10.16,16.55,9.82,10.58,10.29
2015-09-28,8.51,12.81,9.11,,3.94,10.39,16.17,10.15,10.75,10.4
2015-09-29,8.05,11.92,8.8,,3.82,10.0,15.35,9.87,10.54,10.3
2015-09-30,7.94,12.29,8.81,,3.85,10.07,15.08,9.97,10.51,10.28
2015-10-08,8.27,12.53,9.15,,3.95,10.69,15.6,10.36,10.99,10.66
2015-10-09,8.58,12.19,9.33,,3.94,10.94,16.15,10.4,11.21,10.75
2015-10-12,9.14,12.54,9.79,,4.06,11.51,17.03,10.82,11.93,11.22
2015-10-13,9.47,13.79,9.87,,3.97,11.54,17.18,10.99,12.1,11.07
2015-10-14,9.29,13.64,9.58,,3.93,11.2,16.92,10.68,11.8,10.99
2015-10-15,9.77,14.1,9.97,,3.96,11.74,17.49,10.96,12.98,11.18
2015-10-16,9.96,14.01,10.97,,4.0,11.91,18.14,11.42,13.3,11.3
2015-10-19,9.81,13.81,11.45,,3.95,12.11,17.32,11.22,13.41,11.08
2015-10-20,10.12,14.51,11.33,,3.97,12.59,17.81,11.34,14.07,11.18
2015-10-21,9.11,13.06,10.23,,3.75,11.53,16.04,10.54,12.66,10.96
2015-10-22,9.6,13.3,10.78,,3.79,12.25,16.42,10.86,13.05,11.65
2015-10-23,10.56,13.33,11.3,,3.8,12.51,16.76,11.21,13.06,11.74
2015-10-26,10.75,13.81,11.15,,3.78,12.56,17.21,11.27,13.19,11.98
2015-10-27,10.55,14.57,11.0,,3.71,12.38,17.02,11.22,12.93,11.84
2015-10-28,10.28,13.59,10.97,,3.71,11.9,18.72,11.05,12.45,11.45
2015-10-29,10.27,13.49,10.99,,3.7,11.95,18.68,11.24,12.67,11.55
2015-10-30,10.27,13.41,10.87,,3.64,11.82,18.16,11.35,12.85,11.73
2015-11-02,9.73,13.03,10.5,,3.55,11.62,18.9,10.94,12.92,11.6
2015-11-03,9.74,12.62,10.58,,3.54,11.69,18.39,10.83,13.13,11.54
2015-11-04,10.42,13.31,11.15,,3.66,12.38,19.07,11.29,13.69,11.98
2015-11-05,10.51,13.18,11.21,,3.77,12.9,19.65,11.52,13.4,12.1
2015-11-06,10.96,13.61,11.38,,3.77,13.23,19.74,11.77,13.74,12.34
2015-11-09,11.72,13.98,11.31,,3.82,13.17,19.5,11.94,13.72,12.52
2015-11-10,11.67,14.09,11.05,,3.81,12.9,19.85,11.86,13.85,12.98
2015-11-11,12.0,14.44,11.25,,3.94,13.03,20.23,11.99,13.89,13.16
2015-11-12,11.61,15.88,11.09,,3.85,13.4,20.52,11.74,13.64,13.73
2015-11-13,11.16,17.47,10.82,,3.75,12.81,19.3,11.68,15.0,12.01
2015-11-16,11.67,17.48,11.18,,3.77,12.99,19.18,11.73,15.92,12.08
2015-11-17,11.38,17.31,11.34,,3.78,13.43,18.89,11.87,16.07,12.0
2015-11-18,11.42,17.01,10.86,,3.72,12.92,18.56,12.29,15.1,12.01
2015-11-19,11.68,17.48,11.17,,3.78,13.09,19.07,12.28,16.32,12.03
2015-11-20,11.78,17.62,11.2,,3.76,13.15,19.25,12.21,17.35,12.23
2015-11-23,11.41,19.38,10.97,,3.74,13.17,19.23,12.47,16.42,11.87
2015-11-24,11.38,19.69,10.99,,3.72,13.34,19.19,12.3,16.37,11.98
2015-11-25,11.55,19.78,11.07,,3.75,13.65,19.62,12.24,16.71,12.07
2015-11-26,12.71,18.49,11.14,,3.74,13.23,19.48,12.18,15.97,11.99
2015-11-27,11.62,16.95,10.38,,3.51,12.2,17.53,11.52,14.57,11.31
2015-11-30,11.44,18.06,10.54,,3.56,12.06,17.18,11.68,14.31,11.31
2015-12-01,11.44,18.0,10.77,,3.53,12.13,17.25,12.41,14.69,11.46
2015-12-02,11.44,19.8,10.71,,3.7,12.44,17.7,12.85,14.48,11.77
2015-12-03,12.11,20.51,10.77,,3.71,12.46,17.96,12.95,14.78,11.96
2015-12-04,12.37,20.41,10.51,,3.66,12.14,17.58,12.58,14.76,12.04
2015-12-07,12.06,20.77,10.58,,3.67,12.15,18.05,12.55,14.8,11.99
2015-12-08,11.62,20.12,10.4,,3.56,11.56,17.24,12.03,14.04,11.81
2015-12-09,11.7,19.92,10.16,,3.64,11.48,17.05,12.19,13.85,11.72
2015-12-10,11.67,20.32,10.11,,3.66,11.37,16.87,11.91,13.87,11.73
2015-12-11,10.93,19.35,10.1,,3.58,11.26,16.67,11.83,14.0,11.6
2015-12-14,11.01,20.48,10.33,,3.66,11.7,17.3,12.13,14.25,11.76
2015-12-15,11.03,21.13,10.38,,3.67,11.57,17.61,12.36,15.68,11.89
2015-12-16,10.9,21.77,10.37,,3.65,11.58,17.44,12.24,15.71,11.83
2015-12-17,11.48,21.96,10.53,,3.76,11.86,17.86,12.87,16.21,12.32
2015-12-18,11.32,22.08,10.53,,3.75,11.91,17.9,12.72,16.23,12.36
2015-12-21,11.41,21.86,10.64,,3.82,12.42,18.0,13.04,16.3,12.65
2015-12-22,11.52,23.16,10.62,,3.85,12.55,18.22,12.98,16.41,12.43
2015-12-23,11.23,22.92,10.68,,3.78,12.56,18.16,13.09,16.78,12.15
2015-12-24,11.01,23.05,10.69,,3.86,12.69,17.8,12.7,16.21,12.22
2015-12-25,11.14,22.94,10.75,,3.85,12.88,17.92,12.66,16.2,12.21
2015-12-28,10.69,22.94,10.33,,3.73,12.16,17.5,12.3,15.68,11.98
2015-12-29,10.81,22.2,10.39,,3.72,12.35,17.82,12.42,15.91,12.29
2015-12-30,10.74,23.38,10.32,,3.71,12.31,18.2,12.42,15.99,12.39
2015-12-31,10.62,23.47,10.19,,4.08,11.95,17.82,12.23,15.84,11.93
2016-01-04,9.65,21.33,9.2,,3.68,10.77,16.22,11.11,14.26,10.79
2016-01-05,10.02,21.82,9.25,,4.01,10.7,15.85,10.9,14.58,10.88
2016-01-06,10.19,22.77,9.4,,4.41,11.1,16.25,11.11,15.07,10.94
2016-01-07,9.17,20.93,8.47,,4.08,10.1,14.63,10.11,13.63,10.04
2016-01-08,9.38,21.26,8.87,,4.49,10.79,14.98,10.3,13.93,9.97
2016-01-11,8.44,19.13,8.21,,4.45,10.6,14.35,9.85,12.89,8.98
2016-01-12,8.28,17.22,8.3,,4.11,10.74,14.85,10.1,13.56,9.09
2016-01-13,7.73,15.94,7.97,,4.4,10.24,14.44,9.79,13.51,8.65
2016-01-14,7.88,16.64,8.14,,4.77,10.42,14.82,9.95,14.83,9.52
2016-01-15,7.43,15.61,7.69,,4.51,9.45,13.95,9.63,14.16,9.23
2016-01-18,7.54,15.3,7.73,,4.34,9.19,14.18,9.8,14.28,9.46
2016-01-19,8.01,15.3,7.96,,4.44,10.11,14.78,10.18,14.79,9.65
2016-01-20,7.74,16.64,7.87,,4.12,10.33,14.88,9.95,14.7,9.65
2016-01-21,7.43,15.24,7.62,,3.83,9.75,14.6,9.7,13.88,9.57
2016-01-22,7.45,15.2,7.72,,3.99,10.11,14.82,9.9,14.79,9.69
2016-01-25,7.47,15.59,7.82,,4.16,10.64,15.21,9.93,15.08,9.78
2016-01-26,6.77,14.03,7.04,,4.33,10.6,13.7,9.16,14.1,9.21
2016-01-27,6.49,12.63,6.91,,4.46,10.18,13.34,9.06,14.7,9.36
2016-01-28,6.28,11.38,6.61,,4.21,9.24,12.4,8.79,14.11,9.23
2016-01-29,6.59,12.45,6.86,,4.31,9.54,12.81,9.11,15.08,9.56
2016-02-01,6.63,11.21,6.76,,4.07,9.18,12.41,8.89,14.61,10.0
2016-02-02,7.0,11.6,6.95,,4.12,9.47,12.92,9.21,15.28,10.28
2016-02-03,7.02,11.78,6.96,,3.92,9.75,13.09,9.25,15.08,10.18
2016-02-04,7.01,12.37,7.09,,3.95,9.86,13.25,9.34,15.08,10.17
2016-02-05,6.87,11.88,7.06,,4.13,9.68,13.04,9.14,14.51,9.91
2016-02-15,6.72,11.71,6.95,,3.98,9.54,12.87,9.03,14.65,10.5
2016-02-16,7.05,12.6,7.25,,4.11,9.96,13.38,9.36,15.24,10.67
2016-02-17,7.35,12.96,7.41,,4.17,10.14,14.11,9.51,15.29,10.52
2016-02-18,7.44,12.8,7.37,,4.41,10.14,13.78,9.42,15.15,10.41
2016-02-19,7.45,12.71,7.38,,4.38,10.46,13.89,9.37,15.6,10.4
2016-02-22,7.71,13.12,7.57,,4.82,10.54,14.26,9.63,16.14,10.46
2016-02-23,7.51,12.9,7.48,,5.07,10.46,13.99,9.56,16.58,10.49
2016-02-24,7.62,13.58,7.61,,5.05,10.69,14.14,9.81,16.29,10.41
2016-02-25,6.86,12.22,7.75,,4.66,9.62,12.73,9.07,14.66,9.45
2016-02-26,6.83,11.55,8.04,,4.98,9.54,12.76,9.16,14.88,9.63
2016-02-29,6.52,10.4,7.24,,4.9,8.78,11.8,9.07,13.41,9.11
2016-03-01,6.68,10.29,7.96,,4.88,9.03,12.16,9.59,13.65,9.37
2016-03-02,7.35,10.91,8.32,,5.27,9.71,13.38,10.49,14.28,9.81
2016-03-03,7.49,11.09,8.28,,5.17,9.6,13.59,10.32,14.85,9.68
2016-03-04,7.29,10.58,7.87,,5.05,9.25,12.95,10.13,14.1,9.44
2016-03-07,7.39,10.82,8.05,,5.09,9.46,13.22,10.25,14.36,9.61
2016-03-08,7.23,10.68,7.94,,5.08,9.52,13.94,10.08,14.3,9.79
2016-03-09,6.86,10.19,7.62,,4.64,9.23,13.33,9.86,13.86,9.85
2016-03-10,6.73,9.88,7.51,,4.58,9.05,12.85,9.65,13.74,9.77
2016-03-11,6.87,9.69,7.45,,4.58,9.08,13.18,9.54,13.83,9.65
2016-03-14,7.09,10.45,7.68,,4.67,9.39,13.84,9.73,14.3,9.87
2016-03-15,6.99,10.2,7.89,,4.58,9.29,13.53,9.74,14.1,9.79
2016-03-16,6.81,10.18,7.68,,4.49,9.12,13.26,9.73,13.85,9.65
2016-03-17,7.11,10.55,7.89,,4.57,9.38,13.67,9.92,14.18,9.86
2016-03-18,7.33,11.29,8.06,,4.75,9.69,14.15,10.07,14.84,10.06
2016-03-21,7.54,12.24,8.26,,4.89,9.99,15.57,10.15,14.92,10.22
2016-03-22,7.45,11.89,8.12,,4.77,9.95,15.82,10.1,15.08,10.08
2016-03-23,7.53,12.08,8.23,,4.77,10.09,15.78,10.81,15.12,10.11
2016-03-24,7.36,11.56,8.05,,4.58,10.04,15.95,10.47,14.7,10.03
2016-03-25,7.42,11.66,8.02,,4.59,10.37,15.63,10.44,14.9,10.05
2016-03-28,7.26,11.21,8.01,,4.56,10.21,15.37,10.26,14.75,10.05
2016-03-29,7.11,10.72,8.34,,4.54,10.25,15.48,10.16,14.53,9.85
2016-03-30,7.36,11.79,8.53,,4.63,10.48,16.28,10.44,15.25,10.35
2016-03-31,7.53,12.04,8.46,,4.7,10.44,16.0,10.43,15.15,10.27
2016-04-01,7.61,11.69,8.6,,4.82,10.54,15.93,10.4,15.03,10.24
2016-04-05,8.05,12.19,8.73,,4.95,10.74,16.1,10.56,15.39,10.39
2016-04-06,8.5,12.17,8.7,,4.93,10.75,16.02,10.56,12.2,8.49
2016-04-07,8.16,11.78,8.51,,4.81,10.54,15.62,10.4,12.0,8.4
2016-04-08,8.19,11.53,8.51,,4.71,10.47,15.66,10.3,12.18,8.44
2016-04-11,8.69,11.84,8.72,,4.98,10.64,15.89,10.5,12.69,8.42
2016-04-12,8.71,11.65,8.58,,5.01,10.55,15.95,10.39,12.87,8.44
2016-04-13,8.8,12.2,8.64,,5.03,10.66,15.95,10.51,12.78,8.48
2016-04-14,8.96,12.43,8.7,,4.97,10.8,16.17,10.55,12.76,8.48
2016-04-15,8.93,12.35,8.74,,4.86,10.78,16.13,10.6,12.76,8.42
2016-04-18,8.68,12.7,8.59,,4.81,10.51,16.23,10.46,12.77,8.44
2016-04-19,8.76,12.56,8.64,,4.75,10.51,16.19,10.5,12.78,8.49
2016-04-20,8.41,11.67,8.15,,4.53,10.03,15.02,10.09,12.2,8.4
2016-04-21,8.18,11.85,8.03,,4.54,9.95,14.91,9.93,11.83,8.38
2016-04-22,8.18,11.93,8.11,,4.48,10.0,14.99,10.06,12.05,8.46
2016-04-25,8.18,11.33,8.13,,4.46,9.97,14.96,9.97,12.3,8.34
2016-04-26,9.0,11.35,8.18,,4.4,9.97,15.1,10.14,12.85,8.58
2016-04-27,9.64,11.14,8.08,,4.34,9.9,15.13,10.12,12.77,8.36
2016-04-28,9.3,11.06,8.16,,4.32,9.74,15.2,10.17,12.96,8.42
2016-04-29,9.26,10.91,8.12,,4.33,9.74,15.58,10.09,12.85,8.44
2016-05-03,9.38,11.32,8.32,,4.4,10.01,15.88,10.25,13.16,8.45
2016-05-04,9.92,11.18,8.3,,4.35,9.96,7.71,10.19,12.78,8.31
2016-05-05,10.53,11.21,8.4,,4.37,10.17,7.97,10.21,12.8,8.37
2016-05-06,10.59,10.37,8.22,,4.16,9.78,7.66,9.93,12.22,8.5
2016-05-09,10.4,9.92,7.91,,3.89,9.27,7.39,9.64,11.93,8.39
2016-05-10,10.28,9.96,7.95,,3.86,9.32,7.28,9.6,12.04,8.57
2016-05-11,10.03,9.81,7.96,,3.83,9.36,7.19,9.58,12.19,8.55
2016-05-12,10.12,9.7,7.88,,3.99,9.45,7.12,9.52,12.15,8.17
2016-05-13,9.95,10.09,7.88,,3.95,9.32,6.98,9.48,12.0,8.16
2016-05-16,10.03,10.21,7.99,,3.94,9.49,7.06,9.7,12.26,8.13
2016-05-17,10.41,9.99,8.34,,3.98,9.42,6.98,9.86,12.01,8.09
2016-05-18,10.06,9.56,8.17,,3.88,9.22,6.64,9.58,11.86,8.04
2016-05-19,10.06,9.6,8.16,,3.91,9.23,6.7,9.55,11.99,8.22
2016-05-20,10.12,10.06,8.12,,3.88,9.26,6.78,9.64,12.05,8.22
2016-05-23,10.07,10.04,4.07,,3.87,9.42,6.92,9.69,12.05,8.23
2016-05-24,9.72,9.99,3.91,,3.82,9.52,6.76,9.6,12.06,8.19
2016-05-25,9.51,9.84,3.87,,3.8,9.47,6.75,9.58,12.09,8.18
2016-05-26,9.58,9.9,3.87,,3.77,9.5,6.79,9.57,12.06,8.01
2016-05-27,9.42,9.79,3.83,,3.76,9.46,6.81,9.59,12.05,8.04
2016-05-30,9.16,9.56,3.83,,3.77,6.15,6.73,9.56,11.94,8.0
2016-05-31,9.49,10.05,4.0,,3.87,6.39,7.0,9.89,12.28,8.23
2016-06-01,9.47,10.08,4.01,,3.86,6.42,7.16,9.84,12.32,8.27
2016-06-02,9.59,10.4,4.0,,3.89,6.37,7.19,9.89,12.31,8.29
2016-06-03,9.49,10.26,3.99,,3.87,6.37,7.25,9.91,12.34,8.46
2016-06-06,9.99,10.41,3.97,,3.85,6.34,7.19,9.88,12.25,8.47
2016-06-07,9.94,10.29,3.97,,3.8,6.35,7.16,9.97,12.17,8.59
2016-06-08,9.79,10.17,3.94,,3.78,6.33,7.1,9.95,11.95,8.4
2016-06-13,9.22,9.42,3.78,,3.71,6.44,6.92,9.64,11.55,8.1
2016-06-14,9.33,9.51,3.79,,3.68,6.28,6.85,9.66,11.63,8.13
2016-06-15,9.45,9.88,3.84,,3.73,6.41,7.02,9.82,11.8,8.22
2016-06-16,9.31,9.93,3.77,,3.68,6.32,7.0,6.85,11.72,8.13
2016-06-17,9.3,10.39,3.78,,3.77,6.28,7.03,6.84,11.68,8.27
2016-06-20,9.24,10.43,3.76,,3.69,6.28,7.02,6.84,11.48,8.22
2016-06-21,9.59,10.79,3.79,,3.64,6.26,6.96,6.81,11.46,8.26
2016-06-22,9.93,10.79,3.91,,3.67,6.3,7.19,6.85,11.54,8.24
2016-06-23,9.81,10.51,3.99,,3.66,6.24,7.1,6.79,11.46,8.19
2016-06-24,9.61,10.2,3.87,,3.58,6.16,6.97,6.69,11.48,8.19
2016-06-27,9.7,10.7,3.9,,3.75,6.27,7.14,6.78,11.56,8.2
2016-06-28,9.7,10.72,3.93,,3.71,6.31,7.14,6.77,11.82,8.24
2016-06-29,9.61,10.74,3.93,,3.7,6.35,7.16,6.82,11.78,8.33
2016-06-30,9.5,10.63,3.89,,3.7,6.3,7.22,6.79,12.42,8.29
2016-07-01,9.57,10.49,3.89,,3.83,6.25,7.26,6.85,12.13,8.23
2016-07-04,9.67,10.66,3.96,,3.97,6.43,7.37,7.05,12.17,8.25
2016-07-05,9.72,11.12,4.0,,4.07,6.49,7.59,7.05,12.13,8.34
2016-07-06,9.84,11.07,4.05,,4.07,6.5,7.5,7.06,11.98,8.38
2016-07-07,9.71,10.91,4.04,,4.04,6.52,7.4,7.0,12.23,8.38
2016-07-08,9.68,11.01,4.01,,4.02,6.51,7.36,6.99,12.09,8.29
2016-07-11,9.69,10.83,4.0,,4.07,6.53,7.68,6.98,12.14,8.29
2016-07-12,9.69,10.9,4.06,,4.22,6.87,7.74,7.07,12.15,8.35
2016-07-13,9.79,11.09,4.1,,4.16,7.04,7.91,7.16,12.21,8.44
2016-07-14,9.98,11.06,4.08,,4.17,6.94,7.8,7.15,12.2,8.46
2016-07-15,10.02,11.09,4.07,,4.18,7.04,7.71,7.12,12.22,8.47
2016-07-18,10.03,11.19,4.1,,4.04,7.08,7.74,7.09,12.16,8.45
2016-07-19,10.44,11.19,4.07,,4.06,6.97,7.75,7.06,12.16,8.41
2016-07-20,10.46,11.0,4.05,,4.04,6.99,7.74,7.04,12.4,8.43
2016-07-21,10.63,10.97,4.06,,4.06,6.98,7.8,7.06,12.9,8.4
2016-07-22,10.25,10.8,3.99,,3.98,6.87,7.66,7.0,12.59,8.4
2016-07-25,10.15,10.75,4.01,,4.03,6.85,7.95,7.02,13.39,8.37
2016-07-26,10.15,10.98,4.06,,4.09,6.95,7.97,7.08,13.42,8.37
2016-07-27,10.0,10.28,3.92,,4.11,6.66,7.65,6.85,12.78,8.47
2016-07-28,9.86,10.05,3.96,,4.08,6.79,7.71,6.89,12.87,8.41
2016-07-29,9.9,10.02,3.91,,4.06,6.7,7.62,6.89,12.63,8.38
2016-08-01,9.71,10.24,3.86,,4.15,6.6,7.58,6.83,12.2,8.33
2016-08-02,9.82,10.25,3.89,,4.12,6.72,7.83,6.9,12.31,8.29
2016-08-03,10.03,10.18,3.88,,4.06,6.95,7.96,6.94,12.25,8.2
2016-08-04,10.11,10.21,3.93,,4.06,6.94,7.9,7.02,12.23,8.25
2016-08-05,10.23,10.13,3.91,,4.02,6.88,7.89,7.05,12.63,8.27
2016-08-08,10.98,10.25,3.95,,4.15,7.04,7.82,7.21,12.75,8.31
2016-08-09,11.08,10.3,4.02,,4.17,7.02,8.38,7.26,12.64,8.31
2016-08-10,10.79,10.31,4.0,,4.32,6.94,8.46,7.16,12.45,8.26
2016-08-11,10.7,10.28,3.96,,4.23,6.79,8.23,7.08,12.5,8.22
2016-08-12,10.84,10.35,4.05,,4.25,6.95,8.38,7.5,12.64,8.27
2016-08-15,10.87,10.54,4.12,,4.34,7.07,8.42,7.64,12.8,8.37
2016-08-16,10.94,10.5,4.2,,4.5,7.11,8.38,7.61,12.78,8.38
2016-08-17,10.68,10.44,4.19,,4.95,7.14,8.37,7.67,12.88,8.35
2016-08-18,10.93,10.44,4.18,,5.0,7.27,8.45,7.77,12.76,8.32
2016-08-19,10.69,10.41,4.18,,4.95,7.3,8.49,7.68,13.15,8.4
2016-08-22,10.65,10.26,4.16,,4.73,7.12,8.26,7.69,12.77,8.59
2016-08-23,10.68,10.32,4.14,,4.77,7.29,8.31,7.62,12.72,8.6
2016-08-24,10.72,10.34,4.15,,4.9,7.14,8.2,7.78,12.55,8.51
2016-08-25,10.66,10.02,4.2,,5.12,7.05,8.07,7.7,12.6,8.7
2016-08-26,10.62,10.04,4.18,,5.05,7.07,8.04,7.75,12.8,8.7
2016-08-29,10.61,10.19,4.29,,5.22,7.08,8.2,7.89,12.71,8.66
2016-08-30,10.56,10.37,4.2,,5.11,6.98,8.1,7.79,12.78,8.67
2016-08-31,10.62,10.3,4.16,,5.16,7.0,8.01,8.08,13.15,8.79
2016-09-01,10.57,10.4,4.1,,5.08,6.9,7.96,7.83,12.75,8.61
2016-09-02,10.93,10.55,4.11,,5.16,6.88,7.98,7.81,12.73,8.66
2016-09-05,10.88,10.41,4.14,,5.68,6.99,8.01,7.77,12.72,8.74
2016-09-06,11.0,10.49,4.3,,5.65,7.06,8.08,7.8,12.99,8.7
2016-09-07,10.9,10.84,4.56,,5.5,7.07,8.19,7.74,12.87,8.66
2016-09-08,10.83,10.84,4.62,,5.64,7.18,8.29,7.74,12.89,8.83
2016-09-09,10.51,10.64,4.51,,5.56,7.11,8.11,7.68,12.9,8.64
2016-09-12,10.57,10.25,4.4,,5.68,6.89,7.67,7.5,12.66,8.59
2016-09-13,10.4,10.27,4.46,,5.68,6.86,7.82,7.56,12.57,8.8
2016-09-14,10.35,10.14,4.37,,5.68,6.78,7.75,7.51,12.55,8.99
2016-09-19,9.92,10.21,4.41,,5.68,6.86,7.76,7.59,12.6,9.41
2016-09-20,9.72,10.22,4.42,,5.68,6.83,8.11,7.59,12.54,9.32
2016-09-21,9.74,10.17,4.38,,5.68,6.85,8.2,7.6,12.46,9.17
2016-09-22,10.03,10.85,4.39,,5.68,6.88,8.1,7.78,13.02,9.18
2016-09-23,10.03,10.98,4.39,,5.68,6.85,8.1,7.68,12.9,9.15
2016-09-26,9.69,10.92,4.21,,5.68,6.72,7.82,7.48,13.01,8.97
2016-09-27,9.77,11.16,4.24,,5.68,6.72,7.85,7.67,12.95,9.38
2016-09-28,9.57,11.25,4.19,,5.68,6.71,7.74,7.64,13.36,9.3
2016-09-29,9.57,11.08,4.18,,5.11,6.73,7.75,7.63,13.8,9.26
2016-09-30,9.66,11.05,4.19,,5.09,6.74,7.84,7.66,13.62,9.19
2016-10-10,9.17,11.34,4.3,,5.39,6.88,7.92,7.52,13.99,9.38
2016-10-11,9.18,11.22,4.29,,5.45,6.93,7.95,7.55,13.9,9.35
2016-10-12,9.16,11.06,4.29,,5.3,6.91,7.98,7.57,13.65,9.47
2016-10-13,9.17,11.14,4.39,,5.31,6.93,7.96,7.58,13.68,9.32
2016-10-14,9.1,10.96,4.38,,5.32,7.07,8.08,7.57,13.66,9.21
2016-10-17,9.04,10.74,4.32,,5.85,6.94,7.83,7.51,13.87,9.13
2016-10-18,9.15,10.88,4.38,,5.92,7.19,7.94,7.61,14.1,9.3
2016-10-19,9.15,10.79,4.37,,5.85,7.11,7.96,7.57,13.97,9.29
2016-10-20,9.19,10.97,4.38,,6.0,7.02,8.08,7.58,15.08,9.21
2016-10-21,9.25,10.7,4.34,,6.1,7.2,8.03,7.56,14.9,9.09
2016-10-24,9.39,10.8,4.37,,6.1,7.45,8.15,7.63,14.66,9.2
2016-10-25,9.29,10.84,4.36,,6.19,7.45,8.14,7.68,14.51,9.27
2016-10-26,9.18,10.7,4.29,,6.16,7.32,8.06,7.75,14.74,9.26
2016-10-27,9.1,10.76,4.29,,6.39,7.34,8.05,7.75,14.53,9.18
2016-10-28,9.08,10.6,4.25,,6.39,7.14,7.96,7.7,14.19,9.22
2016-10-31,9.07,10.87,4.24,,6.33,7.11,7.96,7.52,14.21,9.26
2016-11-01,9.1,10.9,4.29,,6.37,7.17,8.18,7.56,14.22,9.42
2016-11-02,9.03,10.7,4.21,,6.29,7.06,8.23,7.46,13.77,9.56
2016-11-03,9.06,10.71,4.24,,6.36,7.26,8.29,7.53,13.94,9.59
2016-11-04,9.03,10.92,4.23,,6.36,7.18,8.47,7.47,13.93,9.53
2016-11-07,9.0,11.02,4.24,,6.95,7.13,8.39,7.46,14.1,9.59
2016-11-08,8.98,10.98,4.25,,7.0,7.24,8.25,7.52,14.58,9.66
2016-11-09,9.01,11.24,4.18,,6.91,7.13,8.14,7.47,14.2,9.54
2016-11-10,9.14,11.28,4.22,,6.95,7.31,8.25,7.56,14.51,9.65
2016-11-11,9.15,11.16,4.26,,6.98,7.6,8.3,7.62,14.25,9.68
2016-11-14,9.2,11.45,4.3,,7.01,7.88,8.46,7.64,14.7,9.52
2016-11-15,9.19,11.43,4.31,,6.96,7.79,8.34,7.65,14.29,9.47
2016-11-16,9.17,11.26,4.29,,7.11,7.75,8.28,7.59,14.36,9.57
2016-11-17,9.14,11.17,4.28,,7.05,8.04,8.34,7.6,14.08,9.6
2016-11-18,9.14,11.04,4.28,,6.97,8.01,8.26,7.59,13.97,9.42
2016-11-21,9.13,11.08,4.29,,6.79,8.01,8.28,7.64,13.79,9.4
2016-11-22,9.1,11.16,4.35,,6.76,7.94,8.29,7.68,13.81,9.41
2016-11-23,9.26,10.91,4.31,,6.81,7.88,8.34,7.71,13.9,9.27
2016-11-24,9.15,10.84,4.29,,6.84,7.86,8.16,7.78,13.92,9.34
2016-11-25,9.22,10.96,4.41,,6.84,7.8,8.08,8.0,13.8,9.25
2016-11-28,9.23,11.17,4.38,,6.8,8.3,8.3,7.93,13.72,9.29
2016-11-29,9.15,11.01,4.38,,6.85,8.19,8.06,7.85,13.53,9.3
2016-11-30,9.15,11.14,4.32,,6.73,7.89,7.88,7.83,13.4,9.29
2016-12-01,9.25,11.15,4.35,,6.8,7.91,7.94,8.03,13.83,9.37
2016-12-02,9.15,10.76,4.26,,6.78,7.86,7.77,7.89,13.72,9.22
2016-12-05,9.12,10.54,4.24,,6.44,7.52,7.71,7.68,13.43,8.99
2016-12-06,9.06,10.51,4.26,,6.4,7.51,7.8,7.67,13.75,9.13
2016-12-07,9.08,10.62,4.27,,6.6,7.63,7.94,7.72,14.15,9.23
2016-12-08,9.01,10.53,4.25,,6.54,7.5,7.83,7.65,14.1,9.17
2016-12-09,8.96,10.49,4.23,,6.57,7.52,7.85,7.69,14.43,9.09
2016-12-12,8.74,10.03,4.08,,6.5,7.16,7.4,7.45,14.23,9.02
2016-12-13,8.88,10.06,4.09,,6.62,7.33,7.2,7.46,14.25,9.13
2016-12-14,9.05,10.14,4.09,,6.72,7.39,7.14,7.46,14.26,9.04
2016-12-15,9.03,10.16,4.09,,6.67,7.39,7.21,7.47,14.69,9.03
2016-12-16,9.0,10.25,4.1,,6.71,7.45,7.34,7.53,14.29,9.09
2016-12-19,8.86,10.22,4.1,,6.68,7.56,7.35,7.48,14.29,8.66
2016-12-20,8.87,10.22,4.1,,6.69,7.39,7.33,7.37,14.56,8.81
2016-12-21,8.84,10.45,4.19,,6.65,7.61,7.37,7.4,14.73,8.79
2016-12-22,8.85,10.47,4.17,,6.69,7.57,7.37,7.41,14.52,8.78
2016-12-23,8.87,10.39,4.13,,6.66,7.5,7.34,7.37,14.58,8.72
2016-12-26,8.85,10.46,4.15,,6.76,7.28,7.65,7.3,14.65,8.74
2016-12-27,8.81,10.37,4.19,,6.65,7.18,7.56,7.17,14.62,8.73
2016-12-28,8.78,10.31,4.17,,6.65,7.1,7.4,7.03,14.46,8.68
2016-12-29,8.71,10.42,4.12,,6.62,7.14,7.4,7.04,14.52,8.69
2016-12-30,8.9,10.58,4.11,,6.62,7.09,7.44,7.02,14.39,8.58
2017-01-03,8.77,10.63,4.14,,6.95,7.2,7.57,7.19,14.39,8.93
2017-01-04,8.73,10.96,4.17,,7.65,7.26,7.63,7.21,14.7,8.94
2017-01-05,8.72,10.98,4.16,,7.59,7.26,7.67,7.19,15.0,9.12
2017-01-06,8.69,10.95,4.19,,7.65,7.35,7.67,7.17,14.98,9.08
2017-01-09,8.67,11.16,4.21,,7.55,7.44,7.71,7.19,15.15,9.1
2017-01-10,8.26,11.0,4.18,,7.36,7.32,8.48,7.2,15.2,9.0
2017-01-11,8.3,11.15,4.12,,7.44,7.22,9.33,7.16,15.01,8.9
2017-01-12,8.32,10.88,4.1,,7.29,7.15,9.46,7.07,15.04,8.84
2017-01-13,8.33,10.84,4.12,,7.41,7.09,8.8,7.02,14.95,9.06
2017-01-16,8.34,10.96,4.16,,7.04,6.81,8.62,6.99,13.46,9.18
2017-01-17,8.26,10.87,4.15,,6.98,6.84,9.48,7.04,12.92,9.02
2017-01-18,8.25,10.89,4.15,,7.02,6.84,10.43,7.09,12.82,9.07
2017-01-19,8.22,11.22,4.14,,6.87,6.82,10.68,7.06,12.28,9.07
2017-01-20,8.26,11.23,4.17,,6.89,6.88,11.75,7.1,12.81,9.05
2017-01-23,8.26,11.29,4.18,,6.93,6.98,11.03,7.14,13.01,9.1
2017-01-24,8.2,11.13,4.17,,7.05,7.02,10.86,7.13,13.08,8.96
2017-01-25,8.19,11.45,4.17,,7.2,7.0,10.55,7.15,13.38,8.95
2017-01-26,8.21,11.32,4.18,,7.29,7.03,10.28,7.19,13.88,9.04
2017-02-03,8.2,11.3,4.15,,7.21,6.99,10.4,7.12,13.85,8.96
2017-02-06,8.22,11.22,4.18,,7.12,7.08,10.53,7.15,13.66,8.95
2017-02-07,8.2,11.51,4.15,,7.15,7.15,10.88,7.16,13.68,8.96
2017-02-08,8.22,11.44,4.17,,7.09,7.24,11.05,7.17,13.68,8.94
2017-02-09,8.36,11.63,4.2,,7.14,7.37,12.16,7.21,13.73,8.92
2017-02-10,8.34,11.55,4.22,,7.31,7.69,12.43,7.22,13.84,8.9
2017-02-13,8.35,11.58,4.25,,7.31,7.76,11.85,7.26,13.79,8.78
2017-02-14,8.3,11.4,4.24,,7.34,7.9,12.45,7.25,13.78,8.68
2017-02-15,8.28,11.32,4.29,,7.12,7.66,11.6,7.24,13.68,8.62
2017-02-16,8.29,11.36,4.31,,7.15,8.05,11.77,7.26,13.84,8.62
2017-02-17,8.25,11.01,4.25,,7.01,7.84,11.79,7.22,13.38,8.29
2017-02-20,8.27,11.15,4.28,,7.28,7.87,12.15,7.34,13.4,8.29
2017-02-21,8.33,11.25,4.33,,7.29,7.86,11.91,7.33,13.37,8.34
2017-02-22,8.35,11.86,4.33,,7.33,8.06,11.93,7.35,13.39,8.39
2017-02-23,8.3,12.08,4.33,,7.19,7.91,11.25,7.33,13.23,8.45
2017-02-24,8.34,12.02,4.33,,7.27,7.79,11.04,7.31,13.24,8.43
2017-02-27,8.26,11.84,4.33,,7.23,7.81,11.1,7.26,13.3,8.39
2017-02-28,8.27,11.91,4.33,,7.23,7.96,11.27,7.23,13.39,8.38
2017-03-01,8.28,12.08,4.33,,7.19,7.89,11.56,7.24,13.5,8.32
2017-03-02,8.25,11.85,4.33,,7.17,7.83,11.17,7.2,13.44,8.34
2017-03-03,8.37,12.13,4.33,,7.19,7.61,10.95,7.19,13.39,8.46
2017-03-06,8.4,12.22,4.32,,7.26,7.63,10.95,7.23,13.41,8.62
2017-03-07,8.38,12.0,4.28,,7.27,7.5,10.79,7.22,13.37,8.64
2017-03-08,8.36,11.92,4.53,,7.25,7.46,10.89,7.26,13.37,8.64
2017-03-09,8.36,11.83,4.4,,7.18,7.44,10.84,7.2,13.2,8.55
2017-03-10,8.4,11.83,4.36,,7.18,7.43,11.0,7.24,13.2,8.54
2017-03-13,8.41,12.15,4.37,,7.19,7.48,10.95,7.38,13.03,8.51
2017-03-14,8.44,12.07,4.34,,7.19,7.49,11.04,7.39,12.89,8.49
2017-03-15,8.42,11.91,4.39,,7.1,7.51,10.84,7.37,12.9,8.38
2017-03-16,8.45,12.32,4.36,,7.22,7.59,11.01,7.37,12.9,8.28
2017-03-17,8.36,11.92,4.3,,7.12,7.47,11.79,7.33,12.88,8.26
2017-03-20,8.45,11.98,4.31,,7.11,7.38,12.97,7.34,12.88,8.33
2017-03-21,8.44,11.79,4.33,,7.11,7.48,12.34,7.35,12.97,8.23
2017-03-22,8.39,11.83,4.29,,7.24,8.23,13.57,7.31,12.99,8.0
2017-03-23,8.37,11.7,4.28,,7.22,9.05,14.93,7.3,13.19,7.89
2017-03-24,8.37,11.76,4.31,,7.61,9.5,16.42,7.37,13.42,7.78
2017-03-27,8.34,11.6,4.3,,7.39,9.51,18.05,7.36,13.23,7.8
2017-03-28,8.35,11.45,4.28,,7.25,10.46,18.26,7.33,13.16,7.71
2017-03-29,8.25,11.49,4.28,,7.22,11.07,20.09,7.27,13.2,7.61
2017-03-30,8.13,11.11,4.22,,7.08,10.66,21.03,7.21,13.22,7.47
2017-03-31,8.1,11.21,4.26,,7.13,10.7,19.99,7.29,13.36,7.61
2017-04-05,8.25,11.52,4.69,,7.84,10.84,20.15,7.42,13.84,7.84
2017-04-06,8.31,11.46,5.16,,8.62,10.67,20.78,7.39,13.92,7.75
2017-04-07,8.23,11.36,5.68,,8.2,10.97,20.0,7.43,14.3,7.81
2017-04-10,8.2,11.47,6.25,,8.63,11.0,22.0,7.63,14.27,7.88
2017-04-11,8.23,11.63,6.88,,9.49,11.26,23.3,7.68,14.15,8.07
2017-04-12,8.26,12.16,7.57,,8.54,10.13,21.36,7.58,14.19,7.96
2017-04-13,8.26,12.12,8.33,,8.45,9.83,21.43,7.63,14.39,7.35
2017-04-14,8.21,12.15,8.33,,8.07,9.41,20.62,7.55,14.4,7.21
2017-04-17,8.21,12.29,8.33,,7.72,9.45,21.27,7.51,13.61,6.49
2017-04-18,8.13,12.38,7.5,,7.69,9.57,22.69,7.48,14.16,6.2
2017-04-19,8.14,12.18,7.3,,7.54,9.67,22.26,7.41,14.72,6.19
2017-04-20,8.11,12.19,7.02,,7.13,9.85,23.32,7.41,14.91,6.17
2017-04-21,8.14,12.52,6.32,,7.06,8.87,24.18,7.38,14.73,6.2
2017-04-24,8.16,11.97,6.29,,7.36,8.12,22.68,7.23,13.9,6.05
2017-04-25,8.07,12.54,6.56,,7.51,8.39,23.44,7.19,13.79,6.03
2017-04-26,8.08,12.91,7.22,,7.62,8.61,22.97,7.2,6.89,6.18
2017-04-27,8.09,13.06,7.38,,7.57,9.31,24.34,7.23,7.18,6.15
2017-04-28,8.08,13.16,7.51,,7.78,9.29,23.85,7.19,7.33,6.19
2017-05-02,7.8,14.18,7.79,,7.7,9.44,24.15,7.04,7.36,6.11
2017-05-03,7.82,14.29,7.11,,7.32,9.63,24.75,6.98,7.45,6.14
2017-05-04,7.83,13.89,7.7,,7.26,9.68,24.8,7.02,7.59,6.05
2017-05-05,7.85,14.29,7.49,,7.2,9.7,23.82,6.96,7.39,5.96
2017-05-08,7.94,13.89,6.93,,7.0,8.98,21.44,6.87,7.09,5.68
2017-05-09,7.82,14.04,6.94,,7.01,9.37,21.98,6.9,7.18,5.78
2017-05-10,7.78,13.42,6.43,,6.63,8.94,20.59,6.74,7.16,5.59
2017-05-11,7.84,13.61,6.79,,6.81,9.68,20.67,6.73,7.15,5.53
2017-05-12,7.81,13.22,7.15,,6.7,9.6,20.24,6.71,7.12,5.49
2017-05-15,7.82,13.67,7.07,,6.66,9.15,20.07,6.81,7.05,5.51
2017-05-16,7.77,13.96,7.78,,6.83,9.13,19.36,6.88,7.09,5.56
2017-05-17,7.77,13.7,8.11,,6.98,10.04,19.45,6.83,7.11,5.54
2017-05-18,7.74,13.58,7.85,,6.77,9.8,17.81,6.88,7.12,5.49
2017-05-19,7.74,12.7,7.76,,6.84,9.82,17.24,6.87,6.93,5.48
2017-05-22,7.7,12.61,7.75,,6.79,9.29,17.46,6.77,6.95,5.38
2017-05-23,7.6,11.95,7.06,,6.52,8.8,16.39,6.7,6.74,5.33
2017-05-24,7.6,12.0,7.15,,6.57,9.27,16.65,4.73,6.88,5.3
2017-05-25,7.7,12.05,7.22,,6.62,9.22,16.52,4.84,6.95,5.4
2017-05-26,7.72,11.94,7.07,,6.69,9.44,16.17,4.79,6.88,5.4
2017-05-31,7.82,11.41,6.96,,6.67,9.19,16.4,4.83,6.72,5.4
2017-06-01,7.73,11.09,6.45,,6.63,8.84,15.25,4.78,6.69,5.34
2017-06-02,7.76,11.26,6.6,,6.75,9.17,15.26,4.84,6.71,5.41
2017-06-05,7.77,11.38,6.63,,6.73,8.98,15.68,4.83,6.68,5.45
2017-06-06,7.76,11.44,6.6,,6.71,8.93,15.32,4.89,6.75,5.82
2017-06-07,7.77,11.5,7.14,,6.81,9.36,16.12,4.92,6.82,5.83
2017-06-08,7.73,11.29,7.03,,6.82,9.33,16.16,4.91,6.95,5.8
2017-06-09,7.72,11.29,6.97,,6.85,9.38,15.96,4.9,7.09,5.84
2017-06-12,7.66,10.76,7.02,,6.68,9.05,15.36,4.82,7.03,5.68
2017-06-13,7.73,11.05,7.08,,6.66,9.29,15.55,4.84,7.23,5.75
2017-06-14,7.64,11.05,6.92,,6.54,9.33,17.11,4.8,7.13,5.76
2017-06-15,7.65,11.39,6.94,,6.59,9.57,18.82,4.82,7.13,5.82
2017-06-16,7.63,11.29,7.1,,6.57,9.39,19.99,4.8,7.13,5.8
2017-06-19,7.63,11.34,7.03,,6.62,9.48,21.99,4.83,7.04,5.76
2017-06-20,7.64,11.63,7.15,,6.64,9.29,21.94,4.84,7.0,5.75
2017-06-21,7.65,11.68,7.23,,6.65,9.39,21.71,4.83,7.05,5.77
2017-06-22,7.64,11.37,6.97,,6.58,9.01,21.09,4.83,7.0,5.72
2017-06-23,7.7,11.6,6.88,,6.64,8.96,20.85,4.86,6.98,5.81
2017-06-26,7.73,11.68,6.92,,6.92,9.03,21.17,4.93,6.96,5.9
2017-06-27,7.67,11.87,6.9,,6.87,8.89,20.85,4.93,6.9,5.88
2017-06-28,7.68,11.64,6.7,,7.0,8.75,22.94,4.9,6.87,5.84
2017-06-29,7.66,11.65,6.71,,6.97,8.79,23.02,4.91,6.99,5.85
2017-06-30,7.67,12.03,6.58,,6.99,8.69,22.17,4.9,7.03,5.81
2017-07-03,7.59,12.29,6.64,,7.43,8.86,23.73,4.91,7.02,5.81
2017-07-04,7.6,12.26,6.63,,7.34,8.78,23.12,4.88,6.95,5.82
2017-07-05,7.66,12.31,6.6,,7.32,8.81,23.92,4.9,6.91,5.81
2017-07-06,7.64,12.41,6.5,,7.28,8.69,23.91,4.9,7.1,5.85
2017-07-07,7.62,12.42,6.42,,7.37,8.63,23.21,4.94,7.0,5.87
2017-07-10,7.63,12.29,6.41,,7.54,8.44,22.34,4.97,7.37,5.89
2017-07-11,7.61,11.7,6.16,,7.49,8.54,22.59,4.95,7.38,5.8
2017-07-12,7.61,11.85,6.13,,7.49,8.32,22.85,4.95,7.46,5.73
2017-07-13,7.62,11.76,5.99,,7.5,8.44,22.79,4.95,7.4,5.75
2017-07-14,7.61,11.58,6.0,,7.74,8.71,22.03,5.03,7.34,5.73
2017-07-17,7.47,10.77,5.52,,7.26,8.3,20.21,4.97,7.19,5.5
2017-07-18,7.46,11.02,5.59,,7.41,8.41,20.3,4.96,7.0,5.51
2017-07-19,7.48,11.31,5.64,,7.6,8.74,22.33,5.03,6.92,5.56
2017-07-20,7.61,11.36,5.66,,7.6,8.77,22.25,5.17,7.0,5.6
2017-07-21,7.55,11.3,5.83,,7.44,8.67,22.53,5.18,7.01,5.58
2017-07-24,7.6,11.65,6.06,,7.61,8.75,22.54,5.25,6.92,5.54
2017-07-25,7.55,11.4,5.91,,7.43,8.5,24.16,5.21,6.88,5.55
2017-07-26,7.53,12.2,5.94,,7.37,8.41,23.62,5.17,7.14,5.52
2017-07-27,7.6,12.2,5.9,,7.32,8.46,22.76,5.15,7.1,5.57
2017-07-28,7.56,12.25,5.82,,7.39,8.38,22.22,5.07,7.02,5.58
2017-07-31,7.56,12.73,5.88,,7.61,8.37,22.15,5.12,7.04,5.68
2017-08-01,7.62,13.16,6.18,,7.5,8.54,21.81,5.1,6.97,5.8
2017-08-02,7.55,12.74,6.28,,7.71,8.37,21.23,5.05,6.89,5.72
2017-08-03,7.6,12.55,6.18,,7.96,8.42,23.35,5.06,6.9,5.74
2017-08-04,7.58,12.64,6.12,,7.79,8.37,22.52,5.06,6.87,5.8
2017-08-07,7.57,12.67,6.24,,8.18,8.61,22.4,5.05,6.89,5.9
2017-08-08,7.55,12.32,6.24,,7.97,8.56,22.05,5.08,6.9,5.81
2017-08-09,7.52,12.4,6.28,,7.98,8.64,22.55,5.05,6.88,5.93
2017-08-10,7.43,12.02,6.14,,7.68,8.37,22.83,5.0,6.7,5.93
2017-08-11,7.38,11.44,6.16,,7.33,8.14,22.15,4.9,6.77,5.77
2017-08-14,7.43,11.59,6.78,,7.32,8.25,22.23,4.96,6.83,5.86
2017-08-15,7.41,11.8,6.84,,7.27,8.24,22.7,4.97,6.89,5.85
2017-08-16,7.45,11.69,6.68,,7.23,8.21,22.29,4.97,6.86,5.79
2017-08-17,7.46,11.83,6.92,,7.3,8.34,22.32,4.99,6.88,5.8
2017-08-18,7.51,11.69,6.84,,7.35,8.53,22.21,5.01,6.9,5.84
2017-08-21,7.51,11.83,6.88,,7.52,8.52,21.83,5.02,6.89,5.86
2017-08-22,7.52,12.07,6.82,,7.45,8.39,21.75,5.1,6.88,5.8
2017-08-23,7.49,11.92,6.59,,7.25,8.3,21.28,5.08,6.84,5.78
2017-08-24,7.46,11.83,6.64,,7.13,8.3,21.29,5.07,6.72,5.73
2017-08-25,7.46,11.9,6.71,,7.25,8.43,21.3,5.15,6.83,5.77
2017-08-28,7.57,11.95,6.82,,7.29,8.45,21.33,5.28,7.2,5.86
2017-08-29,7.55,11.87,6.77,,7.3,8.43,22.23,5.28,7.05,5.84
2017-08-30,7.52,11.86,6.72,,7.42,8.54,21.85,5.4,6.98,5.84
2017-08-31,7.5,11.69,6.64,,7.4,8.47,21.66,5.42,7.0,5.84
2017-09-01,7.49,12.05,6.71,,7.62,8.62,21.54,5.43,7.05,5.83
2017-09-04,7.48,12.14,6.86,,7.54,8.58,21.61,5.62,6.96,5.81
2017-09-05,7.46,12.06,6.8,,7.45,8.5,21.37,5.64,6.96,5.89
2017-09-06,7.58,12.33,6.76,,7.4,8.71,21.26,5.54,6.89,5.86
2017-09-07,7.58,12.16,6.71,,7.31,8.71,21.39,5.58,6.91,5.81
2017-09-08,7.61,12.04,6.7,,7.32,8.71,21.11,5.56,6.87,5.81
2017-09-11,7.65,12.13,6.82,,7.31,8.9,21.11,5.5,6.87,5.87
2017-09-12,7.62,12.4,6.96,,7.3,8.67,20.58,5.49,6.77,5.85
2017-09-13,7.77,12.28,6.92,,7.54,8.97,20.59,5.54,6.93,5.87
2017-09-14,7.96,11.98,6.78,,7.42,8.97,20.8,5.58,6.86,5.95
2017-09-15,7.99,11.67,6.66,,7.2,8.76,20.18,5.66,6.81,5.94
2017-09-18,8.11,11.88,6.64,,7.14,8.83,20.13,5.66,6.82,5.94
2017-09-19,8.24,11.85,6.64,,7.14,8.64,19.8,5.76,6.73,5.97
2017-09-20,8.21,12.16,6.63,,7.09,8.7,19.65,5.78,6.73,6.0
2017-09-21,7.98,11.76,6.44,,7.1,8.58,19.36,5.63,6.72,6.0
2017-09-22,8.06,11.42,6.34,,6.86,8.38,18.84,5.62,6.77,5.93
2017-09-25,7.9,11.42,6.26,,6.78,8.27,18.13,5.33,6.68,5.84
2017-09-26,7.98,11.57,6.32,,6.82,8.35,19.52,5.34,6.66,5.85
2017-09-27,7.97,11.55,6.3,,6.97,8.35,19.14,5.38,6.69,5.81
2017-09-28,7.85,12.05,6.29,,6.86,8.26,18.34,5.33,6.62,5.81
2017-09-29,7.87,12.2,6.4,,6.91,8.29,18.29,5.37,6.67,5.81
2017-10-09,7.88,12.29,6.41,,7.02,8.35,18.49,5.41,6.72,5.81
2017-10-10,7.84,12.5,6.4,,6.96,8.45,19.07,5.44,6.72,5.81
2017-10-11,7.82,12.84,6.21,,6.86,8.43,19.18,5.46,6.77,5.81
2017-10-12,7.72,12.41,6.2,,6.93,8.32,19.02,5.42,6.7,5.81
2017-10-13,7.76,12.42,6.47,,6.98,8.4,19.26,5.42,6.69,5.81
2017-10-16,7.71,12.23,6.26,,7.02,8.42,19.28,5.34,6.65,5.81
2017-10-17,7.68,12.17,6.25,,6.91,8.37,19.05,5.33,6.65,5.81
2017-10-18,7.61,11.8,6.27,,6.82,8.47,19.08,5.34,6.56,5.81
2017-10-19,7.62,11.82,6.08,,6.63,8.34,18.53,5.24,6.62,5.81
2017-10-20,7.68,11.91,6.1,,6.69,8.43,18.7,5.29,6.65,5.81
2017-10-23,7.69,11.92,6.25,,6.67,8.6,18.38,5.27,6.72,5.81
2017-10-24,7.73,11.76,6.17,,6.88,8.58,18.26,5.3,6.65,5.81
2017-10-25,7.7,12.12,6.18,,6.88,8.58,18.12,5.37,6.66,5.81
2017-10-26,7.64,12.22,6.16,,6.88,8.85,18.17,5.36,6.69,5.81
2017-10-27,7.63,12.04,6.11,,6.83,8.76,18.38,5.4,6.7,5.81
2017-10-30,7.49,11.57,5.91,,6.61,8.59,17.46,5.3,6.71,5.81
2017-10-31,7.55,11.7,5.89,,6.67,9.02,17.33,5.12,6.67,5.81
2017-11-01,7.5,11.51,5.83,,6.63,8.98,17.27,5.11,6.61,5.81
2017-11-02,7.4,11.32,5.77,,6.53,8.94,16.66,5.04,6.48,5.81
2017-11-03,7.36,11.1,5.63,,6.2,8.79,16.11,4.99,6.56,5.81
2017-11-06,7.3,11.25,5.69,,6.25,8.98,16.2,5.0,6.52,5.81
2017-11-07,7.34,11.19,5.72,3.18,6.34,8.87,16.67,5.02,6.51,5.81
2017-11-08,7.31,11.25,5.7,3.5,6.38,8.77,16.55,5.03,6.46,5.81
2017-11-09,7.29,11.29,5.68,3.85,6.48,9.33,16.46,5.04,6.44,5.81
2017-11-10,7.36,11.45,5.59,4.24,6.32,9.39,16.26,4.99,6.36,5.81
2017-11-13,7.3,11.32,5.55,4.66,6.42,9.32,16.3,4.95,6.58,5.81
2017-11-14,7.3,11.22,5.63,5.13,6.49,9.21,16.7,4.95,6.39,5.81
2017-11-15,7.22,11.01,5.55,5.64,6.34,9.46,16.18,4.93,6.31,5.81
2017-11-16,7.29,11.02,5.46,6.2,6.37,9.28,15.59,4.95,6.31,5.81
2017-11-17,7.17,10.6,5.21,6.82,6.39,9.37,14.36,4.93,6.3,5.81
2017-11-20,7.23,10.48,5.21,7.5,6.22,9.94,14.08,4.91,6.18,5.81
2017-11-21,7.44,10.38,5.2,8.25,6.19,10.05,13.85,5.02,6.16,5.81
2017-11-22,7.37,10.28,5.21,9.08,6.25,9.92,14.01,5.02,6.12,5.81
2017-11-23,7.21,9.87,5.29,9.99,6.15,9.95,13.58,4.94,6.15,5.81
2017-11-24,7.41,10.04,5.44,10.99,6.2,9.61,13.41,4.95,6.1,5.81
2017-11-27,7.31,10.0,5.44,11.36,6.18,9.39,14.75,4.94,5.89,5.81
2017-11-28,7.38,10.14,5.51,10.42,6.33,9.66,16.23,4.97,5.94,5.81
2017-11-29,7.43,10.3,5.47,10.94,6.43,10.08,17.85,5.09,5.82,5.81
2017-11-30,7.3,10.16,5.32,11.62,6.34,9.75,17.83,5.03,5.82,5.81
2017-12-01,7.43,10.21,5.39,10.67,6.33,9.7,17.57,5.01,5.85,5.81
2017-12-04,7.29,10.17,5.23,10.19,6.37,9.57,17.56,4.95,5.75,5.81
2017-12-05,7.14,9.86,5.15,10.27,6.21,8.75,18.59,4.92,5.76,5.81
2017-12-06,7.1,10.02,5.18,9.43,6.19,8.88,18.37,4.94,5.71,5.81
2017-12-07,7.09,10.04,5.15,8.94,6.12,8.66,17.97,4.98,5.68,5.81
2017-12-08,7.11,10.14,5.2,8.92,6.19,8.7,17.85,5.02,5.91,5.81
2017-12-11,7.1,10.2,5.23,8.91,6.18,8.84,17.9,5.03,5.89,5.81
2017-12-12,7.02,10.08,5.17,8.2,6.14,8.72,18.23,4.98,5.92,5.81
2017-12-13,7.02,10.14,5.22,8.22,6.13,8.69,17.99,4.99,5.93,5.81
2017-12-14,7.04,10.03,5.23,9.04,6.06,8.56,19.79,4.98,5.93,5.81
2017-12-15,6.99,10.0,5.31,9.72,5.94,8.43,19.01,4.93,5.94,5.81
2017-12-18,7.04,10.06,5.24,9.72,5.97,8.49,17.45,4.92,5.89,5.81
2017-12-19,7.03,10.3,5.29,9.52,5.98,8.7,17.57,4.93,5.77,5.81
2017-12-20,6.98,10.83,5.18,10.47,5.88,8.64,17.2,4.87,5.72,5.81
2017-12-21,6.99,10.87,5.2,11.52,5.9,8.97,16.85,4.87,5.66,5.81
2017-12-22,6.98,10.57,5.19,12.67,5.89,9.05,17.08,4.83,5.56,5.81
2017-12-25,6.91,10.5,5.06,13.94,5.78,9.23,17.07,4.85,5.46,5.81
2017-12-26,6.99,10.71,5.14,15.33,5.81,9.31,17.2,4.89,5.48,5.81
2017-12-27,6.88,10.48,5.11,16.86,5.82,9.1,17.83,4.89,5.48,5.81
2017-12-28,6.87,10.52,5.13,16.86,5.89,9.7,17.44,4.88,5.35,5.81
2017-12-29,6.99,10.63,5.14,16.86,5.98,9.89,17.52,4.94,5.54,5.81
2018-01-02,7.04,10.96,5.2,18.55,6.12,10.15,18.12,5.08,5.44,5.81
2018-01-03,7.03,10.99,5.72,20.41,6.33,10.13,18.25,5.1,5.45,5.81
2018-01-04,7.11,11.26,5.81,19.77,6.2,10.18,18.4,5.1,5.55,5.81
2018-01-05,7.25,11.29,5.73,19.56,6.1,9.91,18.65,5.59,5.54,5.81
2018-01-08,7.25,11.42,5.66,20.33,6.13,10.62,18.57,6.15,5.56,5.81
2018-01-09,7.29,11.19,5.61,20.07,6.15,10.41,17.78,6.37,5.57,5.81
2018-01-10,7.2,11.23,5.5,22.08,6.02,10.28,18.47,6.65,6.13,5.81
2018-01-11,7.21,11.14,5.46,24.29,5.95,10.1,17.81,6.38,6.01,5.81
2018-01-12,7.32,11.02,5.47,26.72,6.04,10.11,17.43,6.31,5.82,5.81
2018-01-15,7.18,10.79,5.32,29.39,5.9,9.58,16.83,6.17,5.62,5.81
2018-01-16,7.37,10.75,5.37,32.33,5.93,9.8,17.33,6.54,5.68,5.81
2018-01-17,7.3,11.09,5.45,32.33,6.09,9.64,17.49,5.93,5.5,5.81
2018-01-18,7.33,10.97,5.41,32.33,6.09,10.01,17.42,5.93,5.38,5.81
2018-01-19,7.27,10.86,5.46,32.33,6.07,9.83,17.35,5.89,5.4,5.81
2018-01-22,7.24,11.1,5.48,30.21,6.17,9.88,17.36,5.94,5.47,5.81
2018-01-23,7.28,11.02,5.48,29.31,6.17,9.89,17.38,6.0,5.46,5.81
2018-01-24,7.29,11.06,5.5,32.24,6.16,10.54,17.37,5.88,5.59,5.81
2018-01-25,7.32,11.24,5.51,30.85,6.22,10.6,17.22,5.82,5.55,5.81
2018-01-26,7.32,11.15,5.44,28.04,6.26,10.79,17.09,6.01,5.47,5.81
2018-01-29,7.27,11.15,5.31,28.43,6.34,10.88,16.4,5.96,5.36,5.81
2018-01-30,7.33,11.43,5.27,26.74,6.29,10.66,15.65,5.97,5.34,5.81
2018-01-31,7.36,11.44,5.17,24.1,6.14,10.94,15.25,5.86,5.37,5.81
2018-02-01,7.16,11.2,5.0,24.67,6.16,10.47,14.37,5.69,5.39,5.81
2018-02-02,7.18,11.01,5.05,24.31,6.33,11.15,14.8,5.61,5.03,5.81
2018-02-05,7.14,11.56,5.02,23.84,6.42,11.32,16.28,5.75,5.03,5.81
2018-02-06,6.88,10.95,4.62,24.3,6.18,10.19,16.12,5.39,4.99,5.81
2018-02-07,6.9,11.01,4.64,24.48,6.13,9.75,15.72,5.29,4.99,5.81
2018-02-08,7.01,10.8,4.69,23.53,5.92,9.86,15.3,5.3,4.99,5.81
2018-02-09,6.88,9.96,4.44,21.18,5.36,9.16,14.16,5.0,4.9,5.81
2018-02-12,7.01,10.18,4.5,21.42,5.35,9.23,14.85,5.06,4.97,5.81
2018-02-13,7.0,10.37,4.6,20.07,5.35,9.37,14.7,5.09,4.98,5.81
2018-02-14,7.04,10.31,4.64,18.77,5.49,9.41,14.78,5.08,5.02,5.81
2018-02-22,7.09,10.57,4.87,19.35,5.61,9.61,15.65,5.28,5.11,5.81
2018-02-23,7.07,10.91,4.93,21.29,5.72,9.78,15.65,5.3,5.12,5.81
2018-02-26,7.09,12.0,5.04,23.42,5.82,10.0,16.0,5.34,5.18,5.81
2018-02-27,7.05,12.3,4.96,25.76,5.76,9.77,16.0,5.27,5.25,5.31
2018-02-28,7.08,12.44,4.97,25.76,5.74,9.7,15.72,5.3,5.25,5.05
2018-03-01,7.0,12.63,4.97,28.34,5.77,9.77,15.85,5.23,5.42,5.25
2018-03-02,7.07,12.52,5.01,28.57,5.59,9.54,16.22,5.14,5.35,5.28
2018-03-05,7.0,12.57,4.98,29.54,5.59,9.38,15.98,5.11,5.35,5.27
2018-03-06,7.08,12.76,5.06,28.72,5.72,9.86,16.18,5.26,5.38,5.24
2018-03-07,7.21,12.55,4.98,31.59,5.73,9.64,16.22,5.17,5.28,5.23
2018-03-08,7.21,12.59,5.3,34.75,5.74,9.76,16.54,5.25,5.42,5.23
2018-03-09,7.27,12.25,5.24,33.34,5.68,9.95,16.47,5.24,5.51,5.24
2018-03-12,7.3,13.03,5.25,33.76,5.65,10.0,16.78,5.24,5.66,5.33
2018-03-13,7.31,12.61,5.17,32.93,5.58,9.88,17.5,5.29,5.78,5.32
2018-03-14,7.3,12.62,5.12,33.48,5.59,10.06,17.27,5.25,5.6,5.34
2018-03-15,7.27,12.58,5.13,30.15,5.52,10.27,16.47,5.22,5.54,5.26
2018-03-16,7.29,12.44,5.06,28.9,5.49,10.07,16.32,5.17,5.37,5.29
2018-03-19,7.27,12.57,5.1,29.19,5.32,9.91,16.42,5.09,5.19,5.33
2018-03-20,7.25,12.4,5.11,32.11,5.32,9.88,16.27,5.08,5.19,5.37
2018-03-21,7.24,12.91,5.11,33.12,5.25,9.94,15.84,5.08,5.02,5.31
2018-03-22,7.29,13.06,5.12,32.22,5.26,9.55,15.73,5.12,4.95,5.3
2018-03-23,7.02,11.75,5.12,29.0,4.78,8.66,14.45,4.83,4.75,5.08
2018-03-26,7.31,11.98,5.15,31.9,4.65,8.82,14.91,4.86,4.86,5.15
2018-03-27,7.38,12.16,5.19,31.63,4.79,8.99,15.39,4.92,5.14,5.2
2018-03-28,7.24,11.61,5.33,30.71,4.78,8.8,15.3,4.92,4.98,5.16
2018-03-29,7.33,11.89,5.26,30.88,4.94,9.01,15.49,5.07,5.01,5.22
2018-03-30,7.24,11.93,5.35,30.52,4.94,8.94,15.5,5.01,4.97,5.21
2018-04-02,7.25,11.81,5.23,29.52,4.86,8.82,15.42,5.08,4.82,5.18
2018-04-03,7.28,11.61,5.1,32.47,4.72,8.55,14.99,5.03,4.76,5.14
2018-04-04,7.24,11.49,5.01,31.28,4.71,8.47,15.39,4.98,4.72,5.27
2018-04-09,7.04,11.32,4.97,30.99,4.67,8.34,15.61,4.94,4.75,5.23
2018-04-10,7.08,11.57,5.02,31.91,4.77,8.72,15.71,5.04,4.67,5.29
2018-04-11,7.05,11.5,5.03,31.49,4.75,8.75,15.57,5.12,4.67,5.28
2018-04-12,7.07,11.32,4.96,30.58,4.63,8.63,15.2,5.08,4.57,5.27
2018-04-13,7.02,11.32,4.92,30.29,4.63,8.6,15.77,5.05,4.63,5.25
2018-04-16,7.01,10.87,4.93,29.86,4.51,8.43,15.28,4.92,4.55,5.28
2018-04-17,7.01,10.61,4.88,28.76,4.49,8.33,14.8,4.88,4.5,5.22
2018-04-18,7.03,10.99,4.85,29.0,4.46,8.3,14.9,4.9,4.49,5.29
2018-04-19,7.04,11.31,4.94,28.45,4.47,8.34,14.92,4.89,4.49,5.28
2018-04-20,6.93,10.88,4.97,26.89,4.32,7.99,14.51,4.8,4.43,5.26
2018-04-23,6.87,11.04,4.94,26.06,4.27,7.99,14.42,4.81,4.33,5.26
2018-04-24,7.0,11.41,4.96,27.13,4.4,8.22,14.73,4.93,4.37,5.32
2018-04-25,6.95,11.35,4.9,26.9,4.45,8.2,14.59,4.88,4.36,5.42
2018-04-26,6.85,11.1,4.9,25.54,4.33,8.05,14.21,4.8,4.26,5.39
2018-04-27,6.89,11.28,4.92,25.59,4.29,8.02,14.24,4.77,4.25,5.47
2018-05-02,6.78,11.46,4.87,25.71,4.29,8.1,14.38,4.75,4.24,5.6
2018-05-03,6.74,11.7,4.84,26.79,4.33,8.17,14.36,4.78,4.16,5.51
2018-05-04,6.66,11.55,4.84,25.78,4.23,8.07,14.5,4.77,4.13,4.91
2018-05-07,6.67,11.83,4.88,26.16,4.26,8.19,14.59,4.88,4.15,5.01
2018-05-08,6.7,11.8,4.93,28.78,4.3,8.25,14.58,4.9,4.45,4.99
2018-05-09,6.65,11.63,4.95,27.83,4.27,8.54,14.68,4.92,4.33,4.94
2018-05-10,6.62,11.56,4.86,27.75,4.26,8.47,14.56,4.9,4.28,4.96
2018-05-11,6.56,11.48,4.82,26.95,4.28,8.38,14.32,4.87,4.29,4.96
2018-05-14,6.5,11.79,4.78,27.2,4.2,8.25,14.36,4.89,4.31,4.88
2018-05-15,6.47,11.75,4.8,27.24,4.18,8.31,14.3,4.89,4.31,4.92
2018-05-16,6.43,11.68,4.83,27.48,4.17,8.2,14.19,4.86,3.95,5.03
2018-05-17,6.44,12.04,4.77,27.19,4.15,8.13,14.12,4.83,4.07,5.01
2018-05-18,6.47,12.14,4.82,28.44,4.2,8.22,14.15,4.87,4.09,5.01
2018-05-21,6.45,12.45,4.85,28.49,4.29,8.34,14.29,4.9,4.11,5.04
2018-05-22,6.42,12.31,4.9,29.54,4.27,8.48,14.33,4.86,4.09,5.01
2018-05-23,6.38,11.99,4.84,28.45,4.21,8.28,14.08,4.81,4.11,4.93
2018-05-24,6.38,11.95,4.78,28.36,4.15,8.29,14.85,4.77,4.01,4.92
2018-05-25,6.32,11.64,4.82,27.95,4.08,8.14,14.4,4.73,4.15,4.89
2018-05-28,6.3,11.49,4.76,28.06,4.03,7.92,14.21,4.74,4.06,4.84
2018-05-29,6.17,11.53,4.78,27.0,3.99,7.85,14.18,4.69,4.02,4.89
2018-05-30,6.18,10.85,4.54,25.37,3.89,7.2,14.03,4.56,3.76,4.69
2018-05-31,6.1,11.05,4.56,25.72,3.87,7.32,14.04,4.58,4.06,4.74
2018-06-01,5.92,11.02,4.47,26.18,3.88,7.35,13.76,4.57,3.95,4.78
2018-06-04,5.96,11.0,4.46,26.11,3.87,7.4,13.52,4.61,3.96,4.79
2018-06-05,5.94,11.27,4.49,26.42,3.85,7.47,13.69,4.63,4.01,4.81
2018-06-06,5.9,8.53,4.46,27.44,3.85,7.33,14.0,4.63,4.02,4.79
2018-06-07,5.96,8.32,4.41,26.76,3.92,7.34,13.79,4.62,3.97,4.75
2018-06-08,5.87,8.03,4.32,26.49,3.85,7.2,13.82,4.51,3.84,4.7
2018-06-11,5.86,8.05,4.29,25.9,3.9,7.26,13.61,4.55,3.7,4.7
2018-06-12,5.85,8.18,4.31,26.34,3.89,7.14,13.63,4.57,3.69,4.74
2018-06-13,5.78,7.9,4.31,25.58,3.9,7.1,13.14,4.57,3.64,4.67
2018-06-14,5.76,8.0,4.32,25.1,4.06,7.17,12.83,4.55,3.65,4.61
2018-06-15,5.76,7.82,4.35,24.52,4.25,7.12,12.42,4.61,3.59,4.52
2018-06-19,5.57,7.05,4.43,22.07,3.96,6.41,11.18,4.31,3.45,4.07
2018-06-20,5.52,7.2,4.39,22.27,4.36,6.45,11.1,4.31,3.49,4.04
2018-06-21,5.48,7.04,4.29,20.64,4.42,6.42,11.02,4.3,3.45,3.91
2018-06-22,5.78,7.19,4.3,21.01,4.54,6.48,11.05,4.34,3.47,3.97
2018-06-25,5.64,7.21,4.28,21.13,4.38,6.33,10.9,4.29,3.44,3.93
2018-06-26,5.57,7.28,4.28,21.28,4.28,6.59,10.93,4.21,3.45,3.96
2018-06-27,5.49,7.16,4.3,21.17,4.13,6.54,10.73,4.14,3.45,3.91
2018-06-28,5.44,7.1,4.17,20.69,4.04,6.52,10.42,4.1,3.45,3.88
2018-06-29,5.76,7.32,4.22,21.27,4.11,6.68,10.77,4.18,3.5,3.97
2018-07-02,5.5,7.13,4.15,21.96,3.94,6.41,10.73,4.05,3.46,3.96
2018-07-03,5.53,7.27,4.18,21.88,3.92,6.64,10.9,4.08,3.46,4.0
2018-07-04,5.45,7.07,4.18,21.07,4.0,6.39,10.7,4.05,3.44,3.95
2018-07-05,5.33,6.8,4.19,19.73,3.84,6.06,10.0,3.94,3.43,3.8
2018-07-06,5.61,6.98,4.18,19.9,3.87,6.09,10.09,3.85,3.42,3.83
2018-07-09,5.42,7.14,4.21,20.67,3.96,6.27,10.47,3.96,3.42,3.96
2018-07-10,5.35,7.24,4.22,21.24,4.01,6.34,11.52,3.99,3.45,3.96
2018-07-11,5.34,7.42,4.11,20.48,3.9,6.2,12.06,3.89,3.36,3.87
2018-07-12,5.38,7.51,4.22,20.87,3.98,6.37,12.06,3.99,3.4,3.98
2018-07-13,5.35,7.5,4.18,20.89,3.99,6.4,11.79,4.1,3.38,4.08
2018-07-16,5.26,7.38,4.16,21.03,3.99,6.33,11.51,4.01,3.35,4.06
2018-07-17,5.22,7.42,4.15,20.7,3.94,6.25,11.59,4.03,3.35,4.1
2018-07-18,5.23,7.52,4.15,20.61,3.91,6.26,11.43,3.99,3.35,4.1
2018-07-19,5.22,7.63,4.12,20.09,3.95,6.47,11.46,3.97,3.28,4.05
2018-07-20,5.24,7.81,4.15,20.82,3.97,6.5,11.57,4.04,3.33,4.08
2018-07-23,5.23,7.92,4.19,20.89,4.08,6.95,12.5,4.11,3.34,4.04
2018-07-24,5.31,7.87,4.3,20.96,4.18,7.17,12.9,4.18,3.41,4.12
2018-07-25,5.29,7.94,4.27,20.98,4.32,7.03,12.77,4.21,3.4,4.1
2018-07-26,5.29,7.86,4.34,21.85,4.3,7.04,12.62,4.18,3.49,4.13
2018-07-27,5.25,7.94,4.27,21.04,4.37,6.9,13.05,4.22,3.53,4.1
2018-07-30,5.19,7.84,4.23,21.17,4.38,7.01,12.97,4.19,3.48,4.0
2018-07-31,5.23,7.91,4.24,21.21,4.39,6.96,12.69,4.21,3.58,4.05
2018-08-01,5.1,7.74,4.16,20.55,4.3,6.89,13.11,4.08,3.46,3.99
2018-08-02,5.01,7.84,4.05,19.64,4.28,6.84,14.42,3.98,3.41,3.85
2018-08-03,4.94,7.85,4.01,19.33,4.18,6.56,13.71,3.99,3.47,3.92
2018-08-06,4.94,7.32,3.98,18.17,4.19,6.63,13.99,3.97,3.37,3.8
2018-08-07,4.98,7.83,4.06,19.09,4.31,6.97,14.33,4.04,3.4,3.87
2018-08-08,4.89,7.72,4.06,19.83,4.31,7.01,14.38,4.01,3.34,3.85
2018-08-09,4.94,7.88,4.09,20.47,4.33,7.13,14.4,4.09,3.38,3.91
2018-08-10,4.94,7.99,4.09,20.48,4.29,7.07,14.27,4.15,3.36,3.91
2018-08-13,4.94,8.1,4.06,20.21,4.34,7.03,14.09,4.14,3.4,3.88
2018-08-14,4.93,7.95,4.05,20.54,4.26,7.06,14.1,4.13,3.4,3.92
2018-08-15,4.91,7.74,4.04,19.87,4.12,6.75,13.57,4.05,3.32,3.83
2018-08-16,4.84,7.67,3.97,19.27,4.02,6.88,12.8,4.04,3.33,3.82
2018-08-17,4.84,7.48,3.92,18.99,4.05,6.51,12.53,4.01,3.3,3.79
2018-08-20,4.85,7.48,3.92,19.08,4.14,6.57,12.54,3.99,3.24,3.79
2018-08-21,4.84,7.54,3.94,19.32,4.14,6.78,13.29,4.09,3.23,3.83
2018-08-22,4.77,7.39,3.89,19.16,4.18,6.6,13.04,4.07,3.17,3.83
2018-08-23,4.77,7.5,3.89,19.22,4.14,6.65,13.11,4.12,3.13,3.83
2018-08-24,4.77,7.52,3.88,19.09,4.2,6.6,13.68,4.2,3.16,3.83
2018-08-27,4.78,7.64,3.96,19.32,4.26,6.84,14.04,4.28,3.18,3.89
2018-08-28,4.77,7.66,3.94,19.25,4.27,6.89,13.96,4.27,3.17,3.9
2018-08-29,4.7,7.55,3.97,18.99,4.32,6.91,14.29,4.29,3.13,3.87
2018-08-30,4.7,7.54,3.9,18.77,4.22,6.84,13.88,4.25,3.19,3.83
2018-08-31,4.7,7.44,3.95,18.91,4.23,6.77,13.95,4.27,3.14,3.8
2018-09-03,4.83,7.43,3.9,18.59,4.28,6.67,14.07,4.24,3.14,3.76
2018-09-04,4.98,7.52,3.92,18.64,4.3,6.7,14.03,4.3,3.17,3.78
2018-09-05,4.94,7.35,3.88,18.19,4.19,6.43,13.31,4.27,3.18,3.75
2018-09-06,4.93,7.35,3.88,20.01,4.2,6.28,13.09,4.19,3.18,3.73
2018-09-07,4.91,7.43,3.89,22.01,4.24,6.34,13.43,4.26,3.19,3.74
2018-09-10,4.93,7.18,3.84,24.21,4.23,6.17,13.22,4.27,3.12,3.73
2018-09-11,5.11,7.18,3.84,23.36,4.09,6.11,12.9,4.24,3.12,3.74
2018-09-12,5.02,7.09,3.84,22.46,4.11,6.11,12.93,4.26,3.13,3.74
2018-09-13,5.06,7.18,3.86,24.71,4.15,6.22,13.0,4.27,3.13,3.76
2018-09-14,5.11,7.09,3.87,24.32,4.21,6.11,12.69,4.23,3.1,3.74
2018-09-17,5.16,7.0,3.76,24.97,4.09,5.96,12.25,4.21,3.1,3.74
2018-09-18,5.11,7.15,3.79,24.61,4.17,6.23,13.27,4.24,3.11,3.78
2018-09-19,5.27,7.2,3.82,24.97,4.17,6.22,13.17,4.38,3.09,3.81
2018-09-20,5.18,7.16,3.79,24.33,4.22,6.23,13.21,4.35,3.1,3.81
2018-09-21,5.19,7.3,3.87,23.71,4.3,6.33,13.27,4.42,3.12,3.85
2018-09-25,5.14,7.22,3.83,23.88,4.3,6.25,13.22,4.33,3.12,3.88
2018-09-26,5.06,7.26,3.83,24.4,4.28,6.31,13.24,4.31,3.1,3.88
2018-09-27,4.88,7.19,3.77,23.16,4.32,6.2,12.85,4.28,3.1,3.87
2018-09-28,4.78,7.33,3.79,23.25,4.35,6.29,13.51,4.27,3.1,3.9
2018-10-08,4.68,7.13,3.71,25.58,4.21,6.08,13.85,4.08,3.09,3.83
2018-10-09,4.59,7.19,3.69,25.65,4.25,6.1,13.72,4.06,3.08,3.87
2018-10-10,4.45,7.19,3.72,26.92,4.29,6.21,13.87,4.04,3.09,3.86
2018-10-11,4.11,6.47,3.35,27.0,4.0,5.64,13.69,3.69,2.97,3.56
2018-10-12,4.11,6.55,3.2,26.2,4.08,5.64,13.22,3.73,2.82,3.49
2018-10-15,3.95,6.63,3.11,26.13,4.01,5.48,12.61,3.67,2.9,3.38
2018-10-16,3.85,6.49,3.06,27.31,3.89,5.29,12.31,3.57,2.83,3.35
2018-10-17,3.85,6.5,3.09,26.53,3.93,5.46,12.51,3.68,2.76,3.38
2018-10-18,3.73,6.33,3.02,24.32,3.81,5.37,11.5,3.59,2.53,3.32
2018-10-19,3.71,6.48,3.08,24.32,3.87,5.54,11.68,3.7,2.55,3.43
2018-10-22,3.82,6.76,3.22,25.44,4.02,5.77,12.25,3.87,2.63,3.56
2018-10-23,3.73,6.65,3.17,24.8,3.95,5.64,12.01,3.83,2.58,3.5
2018-10-24,3.79,6.71,3.18,24.65,3.98,5.67,12.04,3.86,2.55,3.51
2018-10-25,3.76,6.67,3.18,23.55,4.03,5.63,11.83,3.98,2.51,3.49
2018-10-26,3.96,6.77,3.19,23.8,4.11,5.65,11.77,4.06,2.63,3.52
2018-10-29,3.86,6.78,3.17,23.53,4.13,5.53,11.59,4.01,2.57,3.52
2018-10-30,3.8,7.02,3.19,23.11,4.11,5.58,11.68,4.06,2.61,3.43
2018-10-31,3.81,7.05,3.23,23.99,4.1,5.71,11.97,4.03,2.7,3.46
2018-11-01,3.78,7.02,3.23,23.87,4.06,5.74,11.97,4.02,2.63,3.47
2018-11-02,3.85,7.21,3.32,24.27,4.1,5.9,12.25,4.08,2.67,3.54
2018-11-05,3.93,7.33,3.38,26.28,4.05,5.84,12.23,4.04,2.67,3.56
2018-11-06,4.11,7.25,3.38,25.53,4.06,5.8,12.61,4.09,2.61,3.55
2018-11-07,3.97,7.29,3.35,25.2,4.03,5.75,12.24,4.05,2.59,3.53
2018-11-08,3.97,7.19,3.31,24.45,3.99,5.69,12.02,4.03,2.59,3.51
2018-11-09,3.93,7.25,3.29,23.92,3.91,5.65,11.77,3.97,2.54,3.56
2018-11-12,4.02,7.36,3.4,24.25,3.95,5.78,11.96,4.09,2.63,3.64
2018-11-13,4.15,7.41,3.52,24.34,3.98,5.88,12.05,4.14,2.89,4.0
2018-11-14,4.22,7.37,3.5,24.16,4.03,5.83,12.03,4.14,2.83,3.94
2018-11-15,4.22,7.41,3.53,25.8,4.04,5.93,12.18,4.16,2.83,3.98
2018-11-16,4.27,7.38,3.53,25.16,4.04,5.92,12.2,4.27,2.81,3.97
2018-11-19,4.28,7.48,3.88,25.33,4.12,6.11,12.68,4.32,2.8,3.94
2018-11-20,4.11,7.17,3.73,24.51,4.04,5.86,12.16,4.14,2.74,3.88
2018-11-21,4.14,7.26,3.71,24.33,4.04,5.88,12.19,4.17,2.79,3.88
2018-11-22,4.14,7.24,3.63,24.56,3.99,5.88,12.07,4.16,2.74,3.93
2018-11-23,3.86,6.88,3.51,23.58,3.87,5.67,11.66,4.0,2.54,3.76
2018-11-26,3.76,6.87,3.57,23.36,3.85,5.64,11.73,3.93,2.51,3.72
2018-11-27,3.87,6.8,3.53,23.47,3.81,5.62,11.74,3.98,2.52,3.79
2018-11-28,4.02,6.93,3.54,23.55,3.8,5.71,11.89,4.02,2.55,3.83
2018-11-29,4.08,6.92,3.45,23.01,3.76,5.58,11.44,3.94,2.49,3.75
2018-11-30,4.0,6.99,3.45,22.94,3.77,5.61,11.47,3.96,2.51,3.78
2018-12-03,4.06,7.14,3.55,23.35,3.87,5.78,11.71,4.03,2.56,3.86
2018-12-04,4.04,7.24,3.65,24.72,3.91,5.84,11.79,4.06,2.57,3.87
2018-12-05,4.0,7.15,3.7,24.08,3.86,5.8,11.65,4.03,2.55,3.8
2018-12-06,3.95,7.01,3.59,24.04,3.78,5.71,11.58,3.96,2.51,3.74
2018-12-07,3.95,7.04,3.75,23.92,3.9,5.79,11.71,3.95,2.51,3.67
2018-12-10,3.88,6.96,3.64,24.17,3.83,5.72,11.53,3.89,2.49,3.57
2018-12-11,3.88,7.13,3.6,23.89,3.84,5.73,11.4,3.92,2.5,3.59
2018-12-12,3.88,7.09,3.61,23.7,3.83,5.72,11.49,3.97,2.5,3.63
2018-12-13,3.92,7.16,3.65,24.1,3.84,5.94,11.82,4.02,2.51,3.76
2018-12-14,3.81,7.08,3.65,23.73,3.78,5.79,11.49,3.96,2.49,3.85
2018-12-17,3.82,7.3,3.72,23.19,3.78,5.9,11.61,3.93,2.47,3.96
2018-12-18,3.86,7.12,3.59,23.08,3.8,5.75,11.42,3.89,2.47,3.99
2018-12-19,3.83,7.09,3.5,22.74,3.77,5.7,11.17,3.87,2.44,3.95
2018-12-20,3.77,7.04,3.5,22.81,3.74,5.66,11.17,3.87,2.44,3.92
2018-12-21,3.83,6.91,3.5,22.79,3.72,5.7,10.73,3.82,2.44,3.95
2018-12-24,3.83,6.91,3.52,23.25,3.77,5.71,10.62,3.85,2.44,4.0
2018-12-25,3.78,6.68,3.43,22.63,3.69,5.57,10.28,3.78,2.38,3.99
2018-12-26,3.78,6.63,3.46,22.39,3.75,5.51,9.25,3.75,2.38,4.0
2018-12-27,3.73,6.57,3.42,21.85,3.76,5.46,8.79,3.75,2.34,3.83
2018-12-28,3.65,6.63,3.43,21.1,3.73,5.47,8.84,3.76,2.35,3.95
2019-01-02,3.66,6.61,3.43,20.54,3.78,5.44,8.84,3.73,2.31,3.71
2019-01-03,3.63,6.52,3.37,20.67,3.81,5.46,8.67,3.74,2.23,3.76
2019-01-04,3.67,6.64,3.43,20.65,3.85,5.56,8.87,3.82,2.25,3.8
2019-01-07,3.7,6.71,3.49,20.7,3.88,5.63,8.95,3.86,2.29,3.83
2019-01-08,3.69,6.7,3.45,22.77,3.85,5.64,9.76,3.85,2.31,3.85
2019-01-09,3.71,6.71,3.44,22.41,3.86,5.62,9.73,3.86,2.32,3.82
2019-01-10,3.7,6.69,3.5,21.99,3.87,5.58,9.53,3.85,2.29,3.81
2019-01-11,3.74,6.73,3.51,21.59,3.89,5.7,9.56,3.86,2.39,3.8
2019-01-14,3.73,6.62,3.5,21.71,3.93,5.65,9.39,3.86,2.37,3.81
2019-01-15,3.79,6.7,3.55,21.87,3.94,5.75,9.47,3.89,2.38,3.81
2019-01-16,3.82,6.7,3.55,21.44,3.93,5.68,9.37,3.87,2.36,3.81
2019-01-17,3.77,6.64,3.48,21.14,3.94,5.6,9.19,3.87,2.38,3.77
2019-01-18,3.81,6.78,3.5,21.16,4.0,5.71,9.51,3.9,2.42,3.8
2019-01-21,3.81,6.88,3.51,21.19,4.0,5.79,9.44,3.88,2.4,3.83
2019-01-22,3.71,6.85,3.44,20.88,3.91,5.73,9.33,3.86,2.34,3.78
2019-01-23,3.73,7.08,3.42,20.94,3.95,5.69,9.31,3.86,2.36,3.74
2019-01-24,3.77,7.08,3.42,21.02,3.95,5.72,9.28,3.89,2.36,3.75
2019-01-25,3.68,7.18,3.44,20.85,3.94,5.73,9.28,3.89,2.32,3.73
2019-01-28,3.63,7.19,3.42,20.62,3.92,5.75,9.34,3.88,2.28,3.69
2019-01-29,3.58,7.14,3.37,20.0,3.9,5.65,9.25,3.86,2.13,3.62
2019-01-30,3.54,7.07,3.35,19.73,3.91,5.61,9.11,3.88,2.11,3.6
2019-01-31,3.46,7.11,3.32,18.58,3.82,5.59,8.8,3.91,2.08,3.62
2019-02-01,3.57,7.21,3.39,19.14,3.94,5.73,9.12,3.96,2.13,3.69
2019-02-11,3.61,7.41,3.44,19.8,3.98,5.86,9.47,4.0,2.18,3.75
2019-02-12,3.63,7.41,3.48,19.83,3.99,5.92,9.55,4.04,2.24,3.82
